,tag
0,SuperTalk
1,phenomenology
2,quantum electrodynamics
3,Rogowski coil
4,low-noise amplifier
5,synaptic cleft
6,software development
7,Strongtalk
8,capital good
10,Flandrian transgression
11,conditional
12,market failures
13,electrical grid
14,Creative Commons (CC)
15,conjunction
16,Barr body
17,deregulation
18,JEL classification codes
19,binary tree
20,allochthon
21,applied economics
22,Scott-T transformer
23,Not eXactly C (NXC)
24,Oort cloud
25,cost
26,cell cycle
27,efferent
28,dementia
29,event
31,endothermic
32,economic efficiency
33,control system
35,programming language
36,perception
37,organic acid
38,AC/DC conversion
39,boson
40,cell division
41,toughness
42,polymictic
43,communications satellite
45,digital signal controller
46,unit vector
47,resistive circuit
48,translation
49,adjustable-speed drive
50,DinkC
51,XOD (programming language)
52,hinge
53,electrical discharge machining (EDM)
54,SPS
55,insulation monitoring device
56,RPG
57,tephra
58,Alma-0
59,ionic bond
60,Beer–Lambert law
61,concussion
62,rotary transformer
63,uterus
64,Gibbs energy
65,chomski
66,SIMSCRIPT
67,S/SL
68,loader
69,cell wall
70,monopolistic competition
71,white blood cell
72,varicap
73,monetary economics
74,undersampling
75,electron microscope
76,fertilization
77,open-source software (OSS)
78,real prices
79,electricity
80,night sky
81,depolarization
82,disk storage
83,pH
84,Category 3 cable
85,fractional distillation
86,FAUST
87,small signal model
88,real GDP
89,Common Intermediate Language (CIL)
90,yield
91,complex number
92,Sather
93,electrochemical engineering
94,ecological efficiency
95,Verilog
96,sulfur hexafluoride circuit breaker
97,Jeans instability
98,glioma
99,sequence
100,gamete
101,digital audio broadcasting
102,protolith
103,experimental economics
104,bang-bang control
105,piezoelectric effect
106,limestone
107,mesocratic
108,IBM Informix-4GL
109,strength of materials
110,"best, worst and average case"
111,Mersenne primes
112,Newspeak
113,gamma ray
114,Smalltalk
115,ammeter
116,Faraday shield
117,P′′
118,ohm
119,externality
120,Stokes' theorem
121,Earth leakage circuit breaker
122,exchange rate
123,universe
124,graph theory
125,orbital mechanics
126,discretionary income
127,callback
128,DC motor
129,IBM RPG
130,Diophantine equation
131,Fleming's left-hand rule for motors
132,alkyne
133,j operator
134,epiphyte
135,weak interaction
136,business cycle
137,Vim script
138,PowerShell
139,proximity effect
140,plenum cable
141,zinc
142,symbiont
143,logarithm
144,alpha–beta transformation
145,in silico
146,Zermelo-Fraenkel set theory
147,chronic traumatic encephalopathy (CTE)
148,computer data storage
149,astrogeology
150,current source
151,load management
152,induction cooker
153,Whiley
154,ecliptic plane
155,cohesion
156,homeokinetics
157,band-stop filter
158,in vitro
159,asymptotic stability
160,equipartition
161,reluctance motor
162,XSharp
163,dipole moment
164,real numbers
165,Archean Eon
166,exception handling
167,JFET
168,xenotime
169,Pythagorean triples
170,molecular biology
171,linear variable differential transformer
172,factors of production
173,minimally conscious state
174,split phase motor
175,International Astronomical Union (IAU)
176,occipital lobe
177,extension
178,bipedal
179,electrical wiring
180,progesterone
181,endosymbiotic theory
182,magic square
183,ObjectLOGO
184,double-precision floating-point format
185,flyback converter
186,adipose tissue
187,small Solar System body (SSSB)
188,spiral model
189,FLOW-MATIC
190,GLSL
191,meson
192,law of increasing costs
193,cytosine
194,switchgear
195,interest
196,apparent magnitude
197,analytical chemistry
198,accelerometer
199,clamp meter
200,signal-to-noise ratio
201,Circuit Total Limitation (CTL)
202,cytoplasm
203,lease
204,ferroelectricity
205,actuator
206,self-similarity
207,electrical conductor
208,centrosome
209,crystallinity
210,"true anomaly (ν, θ, or f)"
211,Topspeed
212,Pascal Script
213,MOSFET
214,Boomerang
215,Limnor
216,euhedral
217,Eemian transgression
218,compiler theory
219,vacuum
220,myofibril
221,heredity
222,tektite
223,hermaphrodite
224,demand factor
225,anode
226,noise cancelling
227,fitness
228,economist
229,aggregate demand (AD)
230,corona ring
231,regressive tax
232,calculus of variations
233,solar radius (R☉)
234,stellar dynamics
235,inductive coupling
236,regenerative braking
237,mobile phone
238,gluon
239,Basin and Range Province
240,blueschist
241,astronomical unit (AU)
242,CD
243,virus
244,opiate
245,terms of trade
246,corona
247,volt-ampere
248,Cockcroft–Walton generator
249,Metafont
250,Maxwell's equations
251,ball bearing motor
252,emission spectrum
253,cathode
254,Kepler orbit
255,Saldanian orogeny
256,signal
257,data science
258,GAMS
259,radius of curvature
260,dynamic demand
261,linear alternator
262,biology
263,Institute of Electrical and Electronics Engineers (IEEE)
264,alternating current (AC)
265,sidereal time
266,elasticity
267,chemical physics
268,economic development
269,root mean square
270,MATH-MATIC
271,pharmacotherapy
272,Cilk
273,electrocardiograph
274,accident
275,Sallen–Key filter
276,continuous spectrum
277,electrical and electronics engineering
278,vector control
279,cold cathode
280,audio equipment
281,ampere (A)
282,uniform circular motion
283,Zsh
284,Rankine cycle
285,first light
286,celestial sphere
287,Ga
288,topography
289,operational amplifier
290,alluvial fan
291,general relativity
292,energy level
293,prolog
294,synchro
295,queue
296,granitoid
297,electron configuration
298,electrical steel
299,break-up velocity
300,controllability
301,monetarism
302,granodiorite
303,DCL
304,Datalog
305,RF engineering
306,increasing returns
307,FlooP
308,melanocratic
309,submillimetre astronomy
310,brain-derived neurotrophic factor (BDNF)
311,business economics
312,Promela
313,ordinal numbers
314,Bellman equation
315,reactivity series
316,statement
317,catenary
318,bioturbation
319,linear motor
320,computational neuroscience
321,G-code
322,Seed7
323,mixture
324,galaxy
325,accretion
326,heliosphere
327,thermal conductivity
328,two-phase electric power
329,allotrope
330,Quantum Computation Language
331,Fourier series
332,ice giant
333,chemical nomenclature
334,sand
335,Cartesian coordinate system
336,numerical control
337,audion tube
338,adiabatic process
339,indifference curve
340,decomposition
341,ELAN
342,piercing point
343,natural numbers
344,relative atomic mass
345,integration testing
346,Solar System
347,wind shear
348,equilibrium
349,boiling-point elevation
350,power electronics
351,war of the currents
352,PL/P
353,neutrino
354,aplogranite
355,patch cables
356,cloning
357,transmission medium
358,external fertilization
359,pure competition
360,equinox
361,rotary switch
362,cis-Neptunian object (CNO)
363,white body
364,bumping
365,linker
366,Laplace transform
367,oxidation state
368,Boolean data type
369,cognitive science
370,ground state
371,fundamental theorem of calculus
372,elementary reaction
373,Newtonian fluid
374,Napier88
375,fluid mechanics
376,Julian year (a)
377,narcotic
378,alga
379,law of universal gravitation
380,definite integral
381,arc furnace
382,overshoot
383,theoretical yield
384,grus
385,capacitor
386,reactive intermediate
387,subset
388,desmosome
389,CEEMAC
390,Arc
391,unskilled labor
392,alkane
393,utility frequency
394,intramolecular force
395,Concurrency
396,phase modulation
397,NEWP
398,Orwell
399,electrical resistance
400,Mesa
401,GDL
402,p-block
403,wireless telegraphy
404,bulge
405,sidereal year
406,gift economy
407,edge device
408,electro-diesel locomotive
409,rationing
410,Avogadro constant
411,vector space
412,continuation-passing style (CPS)
413,habit
414,hydrothermal vent
415,average tax rate
416,Malmesbury group
417,Perl
418,white dwarf
419,vug
420,chelation
421,Julia set
422,mechanics
423,hot spring
424,source code
425,Turing
426,electrical wiring regulations
427,partial pressure
428,total internal reflection
429,Brønsted–Lowry base
430,Blu-ray
431,reaction rate constant
432,Black–Scholes model
433,physics
434,angle of reflection
435,cell plate
436,debt
437,hadron
438,phylogeny
439,centaur
440,need
441,sampling frequency
442,heterodox economics
443,fetus
444,Mach number
445,tetrode
446,peridotite
447,Objective-J
448,Table Mountain Group
449,tidal locking
450,speed of sound
451,uniform motion
452,developmental biology
453,marine energy
454,phase-fired controllers
455,sound
456,gravitational wave
457,computational economics
458,cosmic background radiation
459,extracellular
460,geophysics
461,concentration
462,coaxial cable
463,symbolic circuit analysis
464,LTI system theory
465,domestic final demand (DFD)
466,molecular physics
467,fossil
468,information visualization
469,Joule heating
470,control engineering
471,Bosque
472,closed system
473,Henry's law
474,vermiculite
475,astronomical catalogue
476,surface gravity (g)
477,recursive least squares filter
478,aqueous solution
479,thalamus
480,radio source
481,KRYPTON
482,wet transformer
483,resistivity
484,diatomite
485,electrochemical gradient
486,porphyroblast
487,MaxScript internal language 3D Studio Max
488,transmission
489,OptimJ
490,model predictive control
491,algorithm design
492,chert
493,DNA sequencing
494,symmetrical components
495,cardinal numbers
496,quantitative easing (QE)
497,synodic day
498,physiocracy
499,GameMonkey Script
500,steroid
501,manifold
502,tensor
503,interrupter
504,aquifer
505,transcendental number
506,absolute scale
507,M2001
508,Hamilton's principle
509,decretion disk
510,oxidizing agent
511,craton
512,Lyapunov stability
513,sorting algorithm
514,underemployment
515,LC-3
516,serial dilution
517,stellar atmosphere
518,economies of scope
519,clastic rocks
520,reagent
521,structural formula
522,Kelvin–Helmholtz mechanism
523,analyte
524,stepper motor
525,mineral-insulated copper-clad cable
526,Snap!
527,contact metamorphism
528,joule
529,yellow cake
530,dendrites
531,pentagrid converter
532,motor cortex
533,olivine
534,racemate
535,parasite
536,additive white Gaussian noise
537,quadratic field strength
538,Barlow's wheel
539,PROIV
540,price elasticity of supply
541,T cell
542,automata theory
543,money
544,Max (Max Msp – Graphical Programming Environment)
545,radionuclide
546,cosmic ray
547,Reason
548,laminar flow
549,nerve cell
550,Modelica
551,melting point
552,midbrain
553,electrostriction
554,Visual DialogScript
555,Dqo transformation
556,endothermic process
557,amplitude modulation
558,digital circuit
559,digital phenotyping
560,genus
561,distribution
562,rogue planet
563,economic growth
564,ferrimagnetism
565,recessions
566,client
567,incremental build model
568,Hall effect sensor
569,test particle
570,Federal Reserve System
571,RTL/2
572,adrenal glands
573,zenith
574,galactic corona
575,primer
576,Hope
577,ORCA/Modula-2
578,oligopsony
579,Epigram
580,induced pluripotent stem cell (iPSC)
581,molecular orbital (MO)
582,willingness to accept (WTA)
583,solar flare
584,side chain
585,stellar evolution
586,object-oriented programming (OOP)
587,negawatt power
588,household
589,distributed computing
590,Umple
591,MP3
592,impulse response
593,thermodynamic free energy
594,neon-sign transformer
595,tidal force
596,retrograde metamorphism
597,compound interest
598,Nyquist frequency
599,encryption
600,quadrature booster
601,ionosphere
602,allele
603,fermion
604,antenna
605,virtual power plant
606,extragalactic astronomy
607,distributed generation
608,micro combined heat and power
609,axial precession
610,LilyPond
611,rotational speed
612,Avogadro number
613,freezing point
614,dark matter
615,primary storage
616,ParaSail (programming language)
617,forward converter
618,Ballerina
619,power-system automation
620,materials science
621,Fibonacci numbers (series)
622,transmission tower
623,motor controller
624,consumption
625,YUI
626,C++ (C plus plus) – ISO/IEC 14882
627,isomer
628,robust control
629,global variable
630,market basket
631,delta
632,power BJT
633,Lava
634,epidemiology
635,structured cabling
636,consumer choice
637,control theory
638,program lifecycle phase
639,currency
640,motion
641,short-run shutdown condition
642,compound
643,bimetallic strip
644,marginal value
645,induced radioactivity
646,conjugate acid
647,open-circuit voltage
648,heat transfer
649,speed of light (c)
650,gamma-ray burst (GRB)
651,dwarf star
652,condosity
653,push–pull converter
654,electric field
655,chemical composition
656,NPL
657,archaea
658,electron paramagnetic resonance
659,video camera tube
660,total surplus
661,simultaneous equations
662,Haxe
663,fixed costs
664,toroidal inductors and transformers
665,axon terminal
666,big data
667,financial institution
668,acceleration due to gravity
669,free radical
670,routing table
671,algebraic expression
672,SIGNAL
673,meteor shower
674,substance
675,HAL/S
676,Speakeasy
677,stability theory
678,stray capacitance
679,hornfels
680,tesla
681,parasitology
682,coding theory
683,mercantilism
684,external library
685,soft computing
686,SAS
687,kinematics
688,@Formula
689,rare-earth metal
690,opioid receptors
691,Bragg's law
692,halogen
693,plutonic
694,normal force
695,synaptic pruning
696,analog circuit
697,right triangle
698,variable star
699,fold
700,cubic equation
701,cosmic dust
702,inheritance
703,speciation
704,SCADA
705,Nyquist stability criterion
706,price index
707,Gondwanaland
708,spectrochemistry
709,stress
710,industrial automation
711,laser
712,average cost
713,brain imaging
714,metalloid
715,optical activity
716,whole genome sequencing
717,ideal gas constant
718,railway electrification system
719,spherical trigonometry
720,AC adapter
721,reference counting
722,power engineering
723,melting
724,VSXu
725,boiling point
726,olfactory
727,Escher
728,duricrust
729,tor
730,TEX
731,psychosis
732,Fulton gap
733,engine-generator
734,alkaline
735,CHIP-8
736,bacteria
737,protonation
738,nucleic acid sequence
739,mass number (A)
740,flavin adenine dinucleotide (FAD)
741,assertion
742,NetLogo
743,vacuole
744,sorting
745,International Union of Pure and Applied Chemistry (IUPAC)
746,industrial and multiphase power plugs and sockets
747,clonal selection
748,block and tackle
749,Assembly language
750,geocentric
751,endorphins
752,chopper
753,parallel computing
754,serotonin
755,kelvin (K)
756,neuroeducation
757,histology
758,frontal lobe
759,galvanic cell
760,schizophrenia
761,moraine
762,secondary storage
763,human capital
764,dipole
765,estuary
766,set
767,economic equilibrium
768,farad
769,per capita
770,multimeter
771,descending node
772,microphone
773,oligoclase
774,cholesterol
775,time-invariant system
776,apparent power
777,curvilinear motion
778,demand shock
779,MIVA Script
780,POP-11
781,quantum computing
782,Swift (parallel scripting language)
783,REBOL
784,cultural economics
785,equivalent circuit
786,ellipse
787,trolley pole
788,Pure
789,elliptical galaxy
790,XQuery
791,chelating agent
792,steam turbine
793,Coq
794,Harbour
795,arachnology
796,fuse
797,predator
798,display device
799,radial velocity
800,Source
801,wind power
802,Lorentz force law
803,cytology
804,subsatellite
805,Boolean algebra or logic
806,field
807,two-body problem
808,circular motion
809,transformer
810,willingness to pay (WTP)
811,massive
812,molar attenuation coefficient
813,economic interdependence
814,barometer
815,focal length
816,protoplanet
817,corpus callosum
818,epidiorite
819,Variac
820,method of exhaustion
821,prefrontal cortex
822,expression
823,invisible hand
824,zooplankton
825,periodic table of the elements
826,electrical technologist
827,system on module
828,Grasshopper
829,variable-frequency drive
830,JScript .NET
831,participation
832,regulation
833,transmitter
834,LINC
835,egg
836,PEARL
837,fluid
838,topology
839,quark
840,Ward Leonard control
841,exponential stability
842,right to work law
843,electrical polarity
844,Wolfram Language
845,molecular formula
846,remanence
847,booster
848,vestibular system
849,PostScript
850,Euclidean geometry
851,FP
852,absorption spectrum
853,run time error
854,motion control
855,tidal braking
856,soldering
857,vacuum capacitor
858,information appliance
859,full employment output (Y*)
860,deciduous
861,pituitary gland
862,trajectory
863,embedded operating system
864,manometer
865,physical capital
866,xylem
867,alpha particle (α)
868,hybrid
869,consumption function
870,Visual J++
871,economies of agglomeration
872,investment
873,SBL
874,isochrone
875,R++
876,baryogenesis
877,probability distribution
878,magnetization current
879,Palaeozoic
880,High Level Assembly
881,XSB
882,data type
883,direct on line starter
884,software maintenance
885,Ceylon
886,Lagrangian point
887,upsampling
888,potential difference
889,income distribution
890,waterfall model
891,luminosity
892,distributive property
893,planetary nebula
894,Darlington transistor
895,Archimedes' principle
896,suspension
897,LiveScript
898,oligopoly
899,genetic drift
900,amplitude
901,activity series
902,Diagnostic and Statistical Manual of Mental Disorders (DSM)
903,entropy
904,Pike
905,Object Pascal
906,"TMG, compiler-compiler"
907,amino acid
908,angular momentum
909,high voltage
910,sidereal day
911,Park transform
912,globular cluster
913,catalase
914,Emacs Lisp
915,intelligent control
916,kettle
917,positron
918,AmbientTalk
919,conservation of momentum
920,Yorick
921,acoustics
922,force carrier
923,amniote
924,Opa
925,torque
926,terminator
927,TPU
928,phase transition
929,angular unconformity
930,microvariable
931,compact stellar nucleus
932,electrical load
933,chemical equilibrium
934,filter (software)
935,Avogadro's number
936,infinite series
937,atomic orbital
938,Silicon Valley
939,dehydration reaction
940,Bayesian probability
941,JOSS
942,chloroplast
943,voltage regulator
944,ideal solution
945,parabola
946,indicator
947,parsec (pc)
948,compact fluorescent lamp
949,Dog
950,idiomorphic
951,argillaceous
952,arkose
953,income effect
954,convection
955,Williams tube
956,HDTV
957,volt (V)
958,lipoprotein
959,arc welder
960,synchroscope
961,asexual reproduction
962,electrodes
963,discrete cosine transform
964,phi bond
965,PowerBuilder – 4GL GUI application generator from Sybase
966,GNU E
967,orbital eccentricity
968,CoffeeScript
969,mass flux
970,M4
971,monocline
972,ab initio
973,COMIT
974,Joule
975,nucleobase
976,Pascal's law
977,obsidian
978,adaptive expectations
979,near-Earth object (NEO)
980,RNA (ribonucleic acid)
981,Wi-Fi
982,clay
983,abandonment of the gold standard
984,environmental biology
985,Epstein frame
986,number density
987,chemistry
988,equal opportunity
989,internet
990,occultation
991,active galactic nucleus (AGN)
992,electromechanics
993,agrobiology
994,annihilation
995,"garbage in, garbage out (GIGO)"
996,Maclaurin series
997,embryo
998,amount of substance
999,resonant inductive coupling
1000,botany
1001,C-- (C minus minus)
1002,Gosu
1003,SIMPOL
1004,switched-mode power supply
1005,strain hardening
1006,solvation
1007,epicenter
1008,damping
1009,zero-sum game
1010,SR
1011,Kixtart
1012,Idris
1013,pulse-width modulation
1014,economics
1015,gabbro
1016,uncertainty
1017,microcontroller
1018,asterism
1019,Modula-2
1020,ecotype
1021,electronic circuit
1022,application software
1023,eC
1024,pneumatics
1025,electrical substation
1026,Morse code
1027,Wien bridge oscillator
1028,selenium rectifiers
1029,addition reaction
1030,mesh analysis
1031,synchronous rectification
1032,declaration
1033,charge pump
1034,vector
1035,tuned circuit
1036,lipid
1037,arc lamp
1038,real interest rates
1039,Kaleidoscope
1040,electrical network
1041,Picolisp
1042,delay line
1043,trimean
1044,graben
1045,theory of everything
1046,molding
1047,switch
1048,FL
1049,main sequence
1050,PID controller
1051,calcite sea
1052,converging lens
1053,microwave oven
1054,storage
1055,current length
1056,knot theory
1057,SAIL
1058,Batch file (Windows/MS-DOS)
1059,NSIS
1060,Averest
1061,supply curve
1062,focus
1063,trojan
1064,archipelago
1065,ectoderm
1066,Kodu
1067,GOAL
1068,quantum physics
1069,stylolite
1070,PPL
1071,producer price index
1072,series circuit
1073,melatonin
1074,step response
1075,Ka
1076,empty (null) set
1077,vacuum flask
1078,unshielded twisted pair
1079,chemical decomposition
1080,xyloid coal
1081,consumer price index (CPI)
1082,transuranic element
1083,oxytocin
1084,real wages
1085,polymer
1086,morphology
1087,hydrolysis
1088,eon
1089,shear modulus
1090,mains electricity
1091,wave–particle duality
1092,ideal gas
1093,natural selection
1094,printer
1095,Orc
1096,thermistor
1097,dissociation
1098,stereochemistry
1099,signal processing
1100,TypeScript
1101,intrusion
1102,reflation
1103,growler
1104,V-Model
1105,infrared astronomy
1106,quadratic equation
1107,Fleming's right-hand rule for generators
1108,feedback amplifier
1109,execution
1110,hyperbolic geometry
1111,solar micro-inverter
1112,mood
1113,recoveries
1114,autarky
1115,Nyquist–Shannon sampling theorem
1116,macroeconomics
1117,Faraday–Lenz law
1118,Boo
1119,cis–trans isomerism
1120,Cuneiform
1121,wave function
1122,drift velocity
1123,inductive reactance
1124,sound recording
1125,break-even
1126,"WATFIV, WATFOR"
1127,Argus
1128,electron cloud
1129,Ratfor
1130,Pascal – ISO 7185
1131,X++
1132,interface
1133,user agent
1134,Bowen's reaction series
1135,constant k filter
1136,solubility
1137,atomic radius
1138,equalization (audio)
1139,tau protein
1140,asymptote
1141,superheterodyne receiver
1142,.QL
1143,Apple Computer
1144,distributed-element model
1145,comparative biology
1146,crosstalk
1147,direct torque control
1148,enplethy
1149,equalization (communications)
1150,molecular cloud
1151,copper cable certification
1152,LINQ
1153,deflation
1154,mesolimbic pathway
1155,modem
1156,intertemporal choice
1157,multicellular
1158,utilitarianism
1159,modular arithmetic
1160,flux
1161,tesla (T)
1162,arc converter
1163,subgenual cortex
1164,electric shock
1165,bedrock
1166,voltage-to-current converter
1167,Compton scattering
1168,frictional unemployment
1169,welfare
1170,angular frequency (ω)
1171,alluvium
1172,profit
1173,absorption spectroscopy
1174,H II region
1175,transcranial magnetic stimulation (TMS)
1176,information economics
1177,Certificate of Deposit (CD or COD)
1178,epoch
1179,economic system
1180,ZPL
1181,mucous membrane
1182,weight
1183,state observer
1184,software development process
1185,Clarion
1186,COMTRAN
1187,roche moutonnée
1188,nameplate capacity
1189,filtration
1190,dissolved gas analysis
1191,XL
1192,hydrocarbon
1193,signal strength
1194,chemical formula
1195,ribosome
1196,electric arc
1197,flux density
1198,market production
1199,diorite
1200,star system
1201,software prototyping
1202,LotusScript
1203,machine vision (MV)
1204,JScript
1205,centigrade
1206,computed tomography
1207,charge number
1208,Oersted
1209,ash
1210,Oudin coil
1211,Pharo
1212,thick disk population
1213,Magma
1214,IDE
1215,choke
1216,coccolithophore
1217,bandwidth
1218,surficial
1219,methylene blue
1220,clade
1221,quantum field theory
1222,premotor cortex
1223,Faraday's laws of electrolysis
1224,uncertainty principle
1225,transformer oil
1226,direct motion
1227,biomechanics
1228,composite number
1229,Modula-3
1230,agent-based model (ABM)
1231,demodulation
1232,Bayesian programming
1233,marine biology
1234,locant
1235,ALGOL 58
1236,Kilovolt-ampere
1237,dwarf planet
1238,NewLISP
1239,machine learning
1240,spherical astronomy
1241,dissolution
1242,critical rotation
1243,manic-depressive disorder
1244,Script.NET
1245,rigid body
1246,albedo feature
1247,Canadian Standards Association
1248,metabolism
1249,virology
1250,damping ratio
1251,accretion disk
1252,housing starts
1253,phasor measurement unit
1254,ripple
1255,striatum
1256,planetary body
1257,amorphous metal transformer
1258,Model 204
1259,unit cell
1260,sunk costs
1261,mass moment of inertia
1262,Fragile X syndrome
1263,electron acceptor
1264,gyrotron
1265,wattmeter
1266,financial transaction
1267,area moment of inertia
1268,XPL
1269,financial markets
1270,economic shortage
1271,cosmic microwave background (CMB)
1272,mechanical energy
1273,equatorial coordinate system
1274,quartzite
1275,Futhark
1276,basic rock
1277,SLIP
1278,GDP deflator
1279,center of curvature
1280,COBOL – ISO/IEC 1989
1281,atomic weight
1282,blood-brain barrier
1283,metal rectifier
1284,oxoacid
1285,financial planning
1286,PIN diode
1287,sociobiology
1288,quantum chromodynamics
1289,hormone
1290,host
1291,chromosome
1292,agricultural economics
1293,variable costs
1294,leukocyte
1295,mercury vapor lamp
1296,geological time scale
1297,igneous rock
1298,shortage
1299,genetic variation
1300,economic costs
1301,mean anomaly (M)
1302,Curl
1303,national tax
1304,event-driven programming
1305,gamma-aminobutyric acid (GABA)
1306,Speedcode
1307,audio frequency
1308,electric displacement field
1309,Parkinson’s disease
1310,lunar phases
1311,sonogenetics
1312,functional programming
1313,H infinity
1314,ultrasound
1315,centriole
1316,exothermic
1317,limit
1318,Grignard reaction
1319,upload
1320,Nial
1321,phototransistor
1322,Volta potential
1323,Nickle (NITIN)
1324,hypergalaxy
1325,slickenside
1326,basalt
1327,telephone line
1328,data structure
1329,endergonic reaction
1330,Galilean moons
1331,magma
1332,flux linkage
1333,agriculture
1334,power consumption
1335,electricity meter
1336,programmable logic controller
1337,satellite radio
1338,Hume
1339,magnetic flux
1340,fluorescent lamp
1341,price
1342,dual loop
1343,perturbation
1344,electron pair
1345,british thermal unit (btu)
1346,nucleic acid
1347,Factor
1348,wood
1349,material properties
1350,pyroxene
1351,dynamic programming
1352,Law of Demand
1353,temperature
1354,electrolyte
1355,telegrapher's equations
1356,endocytosis
1357,imperative programming
1358,Squirrel
1359,silicon controlled rectifier
1360,achnelith
1361,metasilicate
1362,heatsink
1363,PL/B
1364,beaker
1365,countercurrent exchange
1366,ecology
1367,morning width
1368,taxon
1369,OpenCL
1370,theoretical astronomy
1371,carbonate hardgrounds
1372,diffraction
1373,bit rate (R)
1374,ligand
1375,digital computers
1376,Transcript
1377,thermodynamic equilibrium
1378,formal charge (FC)
1379,color index
1380,pressure
1381,string
1382,integrated development environment (IDE)
1383,deposition
1384,Fermat primes
1385,machine
1386,Wernicke’s area
1387,transducer
1388,current source inverter
1389,open-circuit time constant method
1390,ignimbrite
1391,ActionScript
1392,population economics
1393,default-mode network
1394,mainframe computer
1395,neuroplasticity
1396,piezoelectric motor
1397,Etoys
1398,ductility
1399,automatic transfer switch
1400,fossiliferous
1401,fiscal policy
1402,aerodynamics
1403,power storage
1404,printed circuit board
1405,S-PLUS
1406,accelerating expansion of the universe
1407,parameter
1408,granoblastic
1409,thermal radiation
1410,waveguide
1411,technical drawing
1412,deadweight loss
1413,triangular number
1414,pharmacology
1415,frontal operculum
1416,electromagnetic compatibility
1417,financial economics
1418,computational biology
1419,Rydberg formula
1420,alkyl group
1421,MATLAB
1422,micropaleontology
1423,life cycle
1424,noisy-channel coding theorem
1425,vegetative reproduction
1426,persistent vegetative state
1427,stacking factor
1428,SML
1429,ColdFusion
1430,digital control
1431,lamprophyre
1432,varistor
1433,repowering
1434,Q (programming language from Kx Systems)
1435,bridge rectifier
1436,dynamo
1437,insertion sort
1438,Korn shell (ksh)
1439,ALGOL 60
1440,photodetector
1441,gneiss
1442,SOL
1443,variable
1444,allopatric speciation
1445,DNA replication
1446,spiral galaxy
1447,urgonian
1448,natural resource economics
1449,import
1450,budget set
1451,spectroscopic binary
1452,cGh physics
1453,bung
1454,Java
1455,average rectified value
1456,communication system
1457,angular acceleration
1458,speed
1459,Fraunhofer lines
1460,Julia
1461,logic
1462,psychobiology
1463,alkali metal
1464,wave
1465,power factor
1466,ultrasonics
1467,Crystal
1468,photoelectric effect
1469,PCASTL
1470,documentation
1471,retail sales
1472,vapor
1473,absorptivity
1474,Buck–boost converter
1475,natural monopoly
1476,yolk
1477,central nervous system
1478,Milk (programming language)
1479,muon
1480,double-replacement reaction
1481,BMP file format
1482,Euphoria
1483,acid anhydride
1484,habituation
1485,absorbance
1486,free space optical communications
1487,Genie
1488,valve
1489,GDScript
1490,wind
1491,decimal number
1492,leveling effect
1493,pahoehoe
1494,cryptography
1495,stable isotope ratio
1496,computational model
1497,biochemistry
1498,auditory cortex
1499,thermal conduction
1500,noble gas
1501,HTML
1502,moiety
1503,alpha decay
1504,brush
1505,Game Maker Language (Scripting language)
1506,Bartlett's bisection theorem
1507,electrical element
1508,weber
1509,till
1510,demand deposit
1511,bending moment
1512,Before Present (BP)
1513,tissue
1514,psychological dependence
1515,deductive reasoning or logic
1516,empirical formula
1517,radio transmitter
1518,Modbus
1519,esker
1520,Euclid
1521,serial communication
1522,aphanitic
1523,equivalent impedance transforms
1524,free market
1525,Csound
1526,PL/0
1527,bijection
1528,mechanical rectifier
1529,process control
1530,Ampère's force law
1531,life
1532,negative feedback
1533,supply chain
1534,strong acid
1535,enthalpy
1536,buzzer
1537,long-term financing
1538,volatility
1539,reverse fault
1540,actinides
1541,computer-aided design (CAD)
1542,voltage source
1543,critical point
1544,magnetic flux density
1545,nuclear physics
1546,dynein
1547,aldehyde
1548,First Point of Aries (♈︎)
1549,slate
1550,calorimeter
1551,brackish
1552,deep learning
1553,gene
1554,RNA polymerase
1555,solid
1556,Tesla coil
1557,macronutrient
1558,black body
1559,crest factor
1560,syntax
1561,jejunum
1562,pollination
1563,spark spread
1564,second law of thermodynamics
1565,Clapp oscillator
1566,biocatalysis
1567,behavioral economics
1568,Tom
1569,pascal (Pa)
1570,pure substance
1571,Bell Telephone Laboratories
1572,organic base
1573,Pontryagin's minimum principle
1574,401a Retirement Plan
1575,TIE
1576,rational numbers
1577,arithmetic
1578,MuPAD
1579,in vivo
1580,permutation
1581,light
1582,lacuna
1583,aftershock
1584,ionization chamber
1585,limb darkening
1586,urban economics
1587,vaporization
1588,electronic speed control
1589,molasse
1590,herpetology
1591,Lite-C
1592,MIIS
1593,psychology
1594,mafic
1595,hot wire barretter
1596,long-run shutdown condition
1597,balanced budget
1598,astrocyte
1599,effective demand
1600,pentode
1601,Visual Prolog
1602,facies
1603,monochromatic light
1604,telescope
1605,public good
1606,glucose
1607,Namibian age
1608,Lustre
1609,celestial pole
1610,Rust
1611,Young’s modulus
1612,bc
1613,vapor pressure
1614,tap
1615,biotechnology
1616,droop speed control
1617,hyperinflation
1618,sessile
1619,unicellular
1620,blastocyst
1621,phosphorescence
1622,mélange
1623,iterative learning control
1624,trembler coil
1625,structural biology
1626,bile
1627,economic profits
1628,finite differences
1629,NESL
1630,center of mass
1631,electric field intensity
1632,integrative biology
1633,rudaceous
1634,personal property
1635,Swift (Apple programming language)
1636,instrumentation
1637,incandescent light bulb
1638,passivity
1639,abscission
1640,mammalogy
1641,permanent magnet
1642,voltage-controlled amplifier
1643,Cayenne
1644,phase converter
1645,weber (Wb)
1646,digital protective relay
1647,cycloconverter
1648,strain
1649,fluid physics
1650,Sed
1651,Keynesian economics
1652,inflation rate
1653,placebo
1654,convergent boundary
1655,Io
1656,substitution effect
1657,transition metal
1658,spherical geometry
1659,ion
1660,clast
1661,software construction
1662,credit rating
1663,transformerboard
1664,microwave radio
1665,Fick's laws of diffusion
1666,income
1667,non-price determinant of demand
1668,quaternions
1669,digital micromirror device
1670,induction regulator
1671,SystemVerilog
1672,mesh networking
1673,hardpan
1674,Hopscotch
1675,hydrogen
1676,bushing
1677,heap
1678,protoplanetary disk
1679,competition law
1680,flask
1681,executable
1682,firmware
1683,rotational modulation
1684,renewable electricity
1685,stem cells
1686,Flavors
1687,MSL
1688,vein
1689,production set
1690,TADS
1691,spectrum analyzer
1692,HolyC
1693,astrophysics
1694,niche
1695,diagenesis
1696,tectonic plate
1697,supermassive black hole (SMBH)
1698,Wiener filter
1699,structural isomer
1700,shrinkflation
1701,hysteresis
1702,Hilbert problems
1703,numerical method
1704,digital-to-analog converter
1705,isomers
1706,pathogen
1707,mental health
1708,creep
1709,crude oil
1710,software testing
1711,cryptocrystalline
1712,genetics
1713,Seebeck effect
1714,invariant mass
1715,immune response
1716,bioenergetics
1717,holography
1718,Stata
1719,liquefaction
1720,ballistics
1721,broadcasting
1722,solar energy
1723,MDL
1724,horsepower
1725,paralithic
1726,pathobiology
1727,albite
1728,variable resistor
1729,tariff
1730,hard problem
1731,wedge
1732,T-SQL
1733,velocity of money
1734,electric potential
1735,pulley
1736,excess supply
1737,capacity factor
1738,molecular orbital diagram
1739,photosynthesis
1740,andesite
1741,ARexx
1742,evolution
1743,eustatic movements
1744,ecological succession
1745,information theory
1746,homopolar motor
1747,trinomial
1748,interbedded
1749,average fixed cost
1750,phenocryst
1751,activation energy
1752,shielded twisted pair
1753,CorVision
1754,postsynaptic cell
1755,feed-in tariff
1756,supply and demand
1757,extrinsic property
1758,power quality
1759,nucleophile
1760,chemical species
1761,flagellum
1762,biostratinomy
1763,complex dynamics
1764,BeanShell
1765,Cryptol
1766,animal model
1767,adsorption
1768,extrasolar planet
1769,analysis (mathematical analysis)
1770,urea
1771,dacite
1772,expected value
1773,Citrine
1774,SQR
1775,LORAN
1776,vertebral arteries
1777,Not Quite C (NQC)
1778,pi (π)
1779,regular moon
1780,rational choice
1781,Maser
1782,digital filter
1783,PARI/GP
1784,MRI
1785,Scala
1786,bremsstrahlung
1787,401k Retirement Plan
1788,boiling point elevation
1789,power-system protection
1790,photocell
1791,power inverter
1792,functions of money
1793,photometric system
1794,deformation
1795,mass density
1796,colloid
1797,cerebellar artery
1798,galvanometer
1799,atomic physics
1800,elementary particle
1801,reactive power
1802,cosmic distance ladder
1803,galactic anticenter
1804,elongation
1805,Snell's law
1806,precession of the equinoxes
1807,complex harmonic motion
1808,IS–LM model
1809,acid rock
1810,network protector
1811,Net.Data
1812,pulse wave
1813,wolframite
1814,shear strength
1815,soil liquefaction
1816,Brønsted–Lowry acid
1817,electric distribution systems
1818,reducing agent
1819,cluster
1820,banded iron formation
1821,eccentricity
1822,Caché ObjectScript
1823,valency
1824,Plankalkül
1825,conglomerate
1826,commensurability
1827,sublimation
1828,harmonic mean
1829,MARK-IV (now VISION:BUILDER)
1830,proton
1831,siemens
1832,enzyme
1833,International System of Units (SI)
1834,data center
1835,adenosine triphosphate (ATP)
1836,voltage compensation
1837,real-time operating system
1838,epigenetics
1839,motile
1840,rotor
1841,Pure Data
1842,econometrics
1843,Combined Programming Language (CPL)
1844,Elm
1845,acclimatization
1846,network cable
1847,centrifugation
1848,parietal lobe
1849,superconductor
1850,orbital plane
1851,evaporite
1852,immunoglobulin
1853,cell theory
1854,angular displacement
1855,Hugo
1856,QuakeC
1857,EPL (Easy Programming Language)
1858,Lewis acid
1859,hippocampus
1860,recessive
1861,standard of living
1862,mating
1863,asynchronous circuit
1864,ichthyology
1865,generator
1866,nuclear power
1867,XAML
1868,electric charge
1869,porphyry
1870,relativistic mechanics
1871,state tax
1872,citric acid cycle
1873,electrical conductivity
1874,Visual DataFlex
1875,general equilibrium theory
1876,S2
1877,drag
1878,Bertrand
1879,amalgam
1880,S3
1881,liquid
1882,debugging
1883,phase locked loop
1884,commerce
1885,computer programming
1886,air mass
1887,socially optimal output level
1888,Redcode
1889,polyphase coil
1890,electron donor
1891,Fourier transform
1892,SYMPL
1893,RLC circuit
1894,semiconductor fabrication
1895,Little b
1896,solar prominence
1897,Bernoulli equation
1898,electromagnet
1899,stellar
1900,aeration
1901,offspring
1902,parallel circuit
1903,network analyzer
1904,amygdala
1905,diffusion
1906,resolver
1907,DC-to-DC converter
1908,non-clastic
1909,multi-messenger astronomy
1910,F-Script
1911,hemisphere
1912,GAP
1913,reproductive biology
1914,fixed stars
1915,crystal oscillator
1916,hemicrystalline
1917,Mouse
1918,phytochemistry
1919,armature
1920,Edison effect
1921,Emerald
1922,describing function
1923,optimal control
1924,spinal cord
1925,phase angle
1926,anti-gravity
1927,endoderm
1928,destructive interference
1929,benchmark
1930,Roche limit
1931,Logo
1932,acetyl-CoA
1933,consumerism
1934,observational astronomy
1935,retrograde motion
1936,force (F)
1937,solvated electron
1938,synchronization
1939,cyclical unemployment
1940,trolleybus
1941,Alzheimer’s disease
1942,Big Bang
1943,memory
1944,microbiota
1945,time sharing
1946,absolute dating
1947,eukaryote
1948,computer program
1949,petrology
1950,stack
1951,transceiver
1952,deflator
1953,nerve impulse
1954,biomarkers
1955,Babbage
1956,scree
1957,tax rate
1958,space vector modulation
1959,OpenEdge ABL
1960,displacement current
1961,M-theory
1962,demand
1963,plasmolysis
1964,genome
1965,Logtalk
1966,CLIST
1967,linked genes
1968,miscibility
1969,analog signal
1970,free body diagram
1971,array data structure
1972,cochlea
1973,stone
1974,laws of thermodynamics
1975,cosmogony
1976,user interface design
1977,prograde metamorphism
1978,planetary-mass object (PMO)
1979,migmatite
1980,Snowball
1981,galactic tide
1982,xenolith
1983,social neuroscience
1984,brain-computer interface
1985,Kojo
1986,ubiquitous computing
1987,Gunn diode
1988,rotary variable differential transformer
1989,CPL
1990,Planck constant (h)
1991,software
1992,free fall
1993,cellular
1994,electromagnetic spectrum
1995,xBase
1996,solvation shell
1997,kernel
1998,paradox
1999,mineralogy
2000,inert
2001,centrifugal force
2002,amplidyne
2003,apsis
2004,GSM
2005,semiconductor
2006,divide and conquer algorithm
2007,database
2008,human-computer interaction (HCI)
2009,Fermi surface
2010,string theory
2011,ROOP
2012,particle physics
2013,rechargeable battery
2014,daemon
2015,regression testing
2016,hydrogen bond
2017,Fjölnir
2018,geologic map
2019,SP/k
2020,XSLT
2021,phase equilibrium
2022,X10
2023,astronomical symbol
2024,conic section
2025,invariable plane
2026,memristor
2027,Golo
2028,olefin
2029,gate turn-off thyristor (GTO)
2030,Planck's law
2031,search algorithm
2032,computer architecture
2033,outer space
2034,Krebs cycle
2035,meteor
2036,Laniakea Supercluster
2037,Go!
2038,amyloid-beta (Aβ) protein
2039,consumer confidence
2040,circuit breaker
2041,thermodynamic stability
2042,calcareous
2043,zodiacal light
2044,user
2045,ferromagnesian mineral
2046,grid-tie inverter
2047,experimental physics
2048,XHTML
2049,extranuclear inheritance
2050,Zeno
2051,right ascension
2052,dark energy
2053,capital
2054,base
2055,kinetics
2056,SISAL
2057,thermostat
2058,rotation period
2059,electrical insulation paper
2060,information space analysis
2061,operating system (OS)
2062,mutation
2063,engineering economics
2064,reuptake
2065,building biology
2066,computer security
2067,Cenozoic Era
2068,endogenous
2069,cross-bedding
2070,Litz wire
2071,nanoengineering
2072,object code
2073,satellite
2074,Yagi antenna
2075,number theory
2076,angular velocity (ω)
2077,saving
2078,speech processing
2079,hydrostatics
2080,polyploidy
2081,formal methods
2082,braking chopper
2083,embedded system
2084,neuron
2085,Euler
2086,SPARK
2087,electrical equipment
2088,contactor
2089,biostratigraphy
2090,DYNAMO
2091,potential energy
2092,analog filter
2093,exocytosis
2094,plasma
2095,lending
2096,geosyncline
2097,population
2098,Dalton's law
2099,organ
2100,Schrödinger equation
2101,X-ray fluorescence (XRF)
2102,health economics
2103,monomial
2104,stem cell
2105,vasodilation
2106,biomedical engineering
2107,solid mechanics
2108,video processing
2109,AC/DC receiver design
2110,genotype
2111,battery
2112,bond
2113,utility
2114,chemical synthesis
2115,torr
2116,signal-flow graph
2117,substitute good
2118,Kotlin
2119,PDL
2120,Mohs scale of mineral hardness
2121,value-added tax (VAT)
2122,circular flow of income
2123,Starlogo
2124,reliability engineering
2125,jitter
2126,monopsony
2127,demand response
2128,solar mass (M☉)
2129,television
2130,unit factor
2131,founder effect
2132,order
2133,statistical mechanics
2134,W and Z bosons
2135,gas-filled tube
2136,Tea
2137,precondition
2138,observability
2139,classical mechanics
2140,International Organization for Standardization
2141,optically detected magnetic resonance
2142,programming languages
2143,quantum gravity
2144,ground glass joint
2145,line of apsides
2146,telegraph
2147,OCaml
2148,JOVIAL
2149,monoscope
2150,protist
2151,mole (mol)
2152,Object Lisp
2153,recursion
2154,motor neuron
2155,delocalized electron
2156,Uniface
2157,integer
2158,law of supply
2159,dissipation
2160,gas chromatography
2161,OmniMark
2162,Common Lisp (also known as CL)
2163,isomorphic
2164,phyllite
2165,conservation law
2166,charge-coupled device
2167,router
2168,energy
2169,magnet wire
2170,ultramafic
2171,amyloid plaque
2172,hygroscopy
2173,gravel
2174,falling bodies
2175,diurnal motion
2176,law of conservation of energy
2177,radix
2178,ProvideX
2179,gyrus
2180,insula
2181,seed
2182,occam
2183,nuclear reaction
2184,atmosphere
2185,orbit plot
2186,Oriel
2187,marginal revenue
2188,economic rent
2189,for loop
2190,"Zebra, ZPL, ZPL2"
2191,labor
2192,tropical year
2193,early-type star
2194,Janus (concurrent constraint programming language)
2195,service level agreement
2196,Precambrian
2197,strong base
2198,electricity pylon
2199,neat
2200,value
2201,distributed control system
2202,state
2203,travertine
2204,C*
2205,positron emission tomography (PET)
2206,Halide (programming language)
2207,C Shell (csh)
2208,competitive market
2209,physical quantity
2210,staurolite
2211,traction motor
2212,medulla
2213,rectifier
2214,transmission system operator
2215,solid-state physics
2216,Graphics Interchange Format
2217,sociality
2218,matrix
2219,data compression
2220,FOCUS
2221,alkaline earth metal
2222,proportional tax
2223,caldera
2224,automatic stabilizer
2225,viscoelasticity
2226,insulator
2227,gain scheduling
2228,traction substation
2229,403b Retirement Plan
2230,Domain Name System (DNS)
2231,distribution transformer
2232,Ubercode
2233,ChucK
2234,neutron star
2235,antitrust law
2236,Blockly
2237,kame
2238,integers
2239,LPC
2240,unijunction transistor
2241,watt (W)
2242,credit score
2243,X-ray diffraction (XRD)
2244,Fortran – ISO/IEC 1539
2245,crowding out
2246,glioblastoma
2247,autotransformer
2248,frequency modulation
2249,carotenoid
2250,mica
2251,computer engineering
2252,law of multiple proportions
2253,pointer
2254,CL (IBM)
2255,RSL
2256,classical economics
2257,radical
2258,ionization
2259,planetesimal
2260,autonomous consumption
2261,diode
2262,extensive property
2263,cavity magnetron
2264,interphase
2265,Law of Diminishing Marginal Utility
2266,reactant
2267,TELCOMP
2268,partial solar eclipse
2269,Eiffel
2270,Caml
2271,meridian
2272,wage
2273,irregular galaxy
2274,low-pass filter
2275,A-0 System
2276,star-mesh transform
2277,gravitational-wave astronomy
2278,local tax
2279,medulla oblongata
2280,Charles's law
2281,diamagnetism
2282,round-bottom flask
2283,IDL
2284,Brewster's angle
2285,current account
2286,power generation
2287,joint product pricing
2288,current
2289,longitude of the ascending node (☊ or Ω)
2290,monopoly
2291,software requirements specification
2292,activated complex
2293,antiquark
2294,ketamine
2295,intelligent transportation system
2296,Laplace–Runge–Lenz vector
2297,computer network
2298,perfect competition
2299,Chapel
2300,weak base
2301,compression
2302,Norton's theorem
2303,abstract data type (ADT)
2304,bit
2305,method
2306,aerobic
2307,harmonics
2308,main distribution frame
2309,APL
2310,dolomite
2311,Mortran
2312,connectome
2313,electroactive polymers
2314,psychiatry
2315,Hartmann pipelines
2316,conduction band
2317,open-circuit test
2318,inductive output tube
2319,big O notation
2320,cognitive neuroscience
2321,market system
2322,lability
2323,denaturation
2324,Kirchhoff's circuit laws
2325,LSL
2326,silcrete
2327,transport economics
2328,Pipelines
2329,escape velocity
2330,vacuum tube
2331,molecular switch
2332,pumice
2333,UN number
2334,derivative
2335,SabreTalk
2336,fracture
2337,continental margin
2338,sector
2339,photodiode
2340,electric power distribution
2341,shear zone
2342,motor soft starter
2343,monolithic microwave integrated circuit
2344,microwave
2345,SAM76
2346,reciprocity (electrical networks)
2347,stellar parallax
2348,logic programming
2349,endemism
2350,multics
2351,Boolean expression
2352,speed of light
2353,procedural programming
2354,chronic encephalopathy syndrome (CES)
2355,phyllonite
2356,government revenue
2357,zero-age main sequence (ZAMS)
2358,multiple sclerosis
2359,thermoeconomics
2360,power converter
2361,stiffness
2362,nth root
2363,PL/C
2364,HyperTalk
2365,cosmology
2366,syenite
2367,heterodyne
2368,arenite
2369,protective relay
2370,Ace DASL (Distributed Application Specification Language)
2371,induction motor
2372,imaginary numbers
2373,shear stress
2374,trophic level
2375,biomathematics
2376,image noise reduction
2377,trait
2378,plane of reference
2379,cleanroom software engineering
2380,branch circuit
2381,embedded software
2382,supply schedule
2383,Neko
2384,superposition theorem
2385,Mirah
2386,SASL
2387,cloud computing
2388,Ratfiv
2389,endotherm
2390,Pro*C
2391,AutoHotkey
2392,gravity
2393,structural unemployment
2394,computational physics
2395,capital cost
2396,aragonite sea
2397,fault
2398,paraffin
2399,stroke
2400,celestial equator
2401,BlooP
2402,electromagnetic radiation
2403,monomer
2404,managerial economics
2405,triclinic
2406,GRASS
2407,isotonic solution
2408,oxygen
2409,Claire
2410,orbital resonance
2411,sticky prices
2412,binary search algorithm
2413,Lasso
2414,ampere
2415,autonomic nervous system
2416,Brownian motion
2417,algorithmic efficiency
2418,protostar
2419,heliopause
2420,condensed matter physics
2421,Cambrian
2422,gizzard
2423,saccharoidal
2424,quantum state
2425,phase
2426,series and parallel circuits
2427,quantity supplied
2428,laissez-faire
2429,complementary goods
2430,inflation
2431,receiver
2432,list
2433,plane
2434,microglia
2435,facultative anaerobe
2436,sidereal period
2437,Ohm
2438,Tellegen's theorem
2439,red-giant branch
2440,azeotrope
2441,mass concentration
2442,coordinate
2443,major trading partner
2444,TTCN
2445,closure
2446,gemology
2447,xanthophyll
2448,redshift
2449,double star
2450,cerebrospinal fluid (CSF)
2451,myelin
2452,work function
2453,Marx generator
2454,computer vision
2455,circuit breaker panel
2456,DataFlex
2457,white matter
2458,internet bot
2459,augite
2460,neon sign
2461,geometry
2462,brain tumor
2463,quasar
2464,PROTEL
2465,polysynthetic twinning
2466,gram-atom
2467,pitchstone
2468,conjugated system
2469,subatomic particle
2470,telophase
2471,Variscan orogeny
2472,ferricrete
2473,thermocouple
2474,supersymmetry (SUSY)
2475,planetary
2476,extrasolar object
2477,short run
2478,Metadyne
2479,behavioral ecology
2480,high-voltage direct current
2481,electrical code
2482,Huntington’s disease
2483,Milky Way
2484,sulcus
2485,abstract method
2486,foreign exchange market
2487,superior planet
2488,group theory
2489,anticline
2490,evolutionary computing
2491,bipolar disorder
2492,central massive object (CMO)
2493,chromospheric activity index
2494,digital signal processing
2495,wind farm
2496,grid energy storage
2497,FIRST
2498,chemical compound
2499,coherence
2500,kinetic energy
2501,carbocation
2502,electronic control unit
2503,trigonometry
2504,Smith chart
2505,electrical insulator
2506,volumetric analysis
2507,Bayer filter
2508,depreciation
2509,Telecommunications Industry Association
2510,three-phase AC railway electrification
2511,gene mapping
2512,surge protection
2513,rate equation
2514,PL/I – ISO 6160
2515,balance of payments
2516,hydropower
2517,LLL
2518,metapelite
2519,mitosis
2520,critical mass
2521,rotary converter
2522,optical fiber
2523,non-rivalry
2524,Tethys Ocean
2525,price elasticity of demand
2526,handle
2527,computability theory
2528,EXEC 2
2529,Darwinian fitness
2530,galvanic corrosion
2531,electric current
2532,habitat
2533,isotope
2534,import quota
2535,regional metamorphism
2536,atomic packing factor
2537,Scilab
2538,ion channel
2539,J#
2540,neuroeconomics
2541,Coral 66
2542,density
2543,switched reluctance motor
2544,endocrine gland
2545,binary fission
2546,astrometry
2547,freezing-point depression
2548,contract theory
2549,PL360
2550,crust
2551,binding energy
2552,virtual machine (VM)
2553,Am star
2554,transit
2555,AppleScript
2556,opioid
2557,XOTcl
2558,nuclear
2559,polar coordinates
2560,market economy
2561,marginal propensity to consume
2562,field-oriented control
2563,concretion
2564,industry
2565,rectiformer
2566,colligative property
2567,solution
2568,passivation
2569,symbiogenesis
2570,gravitation
2571,thermal equilibrium
2572,disconformity
2573,debris disk
2574,biodiversity
2575,cuvette
2576,collection
2577,LANSA
2578,PCF
2579,atom
2580,nuclide
2581,procedure
2582,crista
2583,P-N junction
2584,electrical measurements
2585,continued fraction
2586,carbon film
2587,neutron
2588,Machine code
2589,credit union
2590,Oz
2591,electrical impedance
2592,borrower
2593,chromosome:
2594,resonant cavity
2595,job hunting
2596,effective temperature
2597,rotational energy
2598,electron deficiency
2599,service economy
2600,Colossus
2601,NASM
2602,phase (waves)
2603,watt
2604,non-inclined orbit
2605,transaction cost
2606,term
2607,bioerosion
2608,telephone balance unit
2609,RF connector
2610,loess
2611,Z-transform
2612,noise reduction
2613,returns to scale
2614,inclination
2615,visual cortex
2616,mechanical wave
2617,metabolize
2618,asteroid
2619,celestial mechanics
2620,velocity dispersion
2621,sol
2622,glauconite
2623,integral transform
2624,reciprocal
2625,Erlang
2626,faraday
2627,integration
2628,magnetization
2629,bankruptcy
2630,tilt erosion
2631,atomic line filter
2632,LIL
2633,elastic energy
2634,TUTOR
2635,slip ring
2636,reciprocity (electromagnetism)
2637,Inform
2638,iron loss
2639,drumlin
2640,submarine communications cable
2641,basal ganglia
2642,continental crust
2643,gravitational collapse
2644,FOCAL
2645,factor
2646,Elixir
2647,organic chemistry
2648,endangered species
2649,alkaline rock
2650,Axum
2651,atomic mass
2652,byte
2653,perigee
2654,SDTV
2655,Ada
2656,termination shock
2657,central dogma of molecular biology
2658,center of pressure
2659,microgeneration
2660,Curie temperature
2661,subthalamic nucleus
2662,nonlinear control
2663,electron transport chain
2664,isolation transformer
2665,quota
2666,dynamics
2667,weak-line star
2668,vector group
2669,VLSI
2670,periodic function
2671,busbar
2672,orthosilicate
2673,conjugate base
2674,floating point arithmetic
2675,Bose–Einstein condensate (BEC)
2676,effector
2677,blocked rotor test
2678,reaction mechanism
2679,agile software development
2680,planar graph
2681,conservation biology
2682,half-life
2683,modulus of elasticity
2684,magnetic moment
2685,Flex
2686,siphon
2687,lever
2688,eclogite
2689,time value of money
2690,plant
2691,elementary charge
2692,aggregation problem
2693,harmonic distortion
2694,zygospore
2695,Action!
2696,disinflation
2697,Individual Retirement Account (IRA)
2698,electrical potential energy
2699,epirogenetic
2700,Easy PL/I
2701,cyberspace
2702,proxemics
2703,shunt
2704,PeopleCode
2705,equity
2706,friction
2707,service
2708,DATATRIEVE
2709,vergence
2710,polarity
2711,voltage
2712,holocrystalline
2713,first-order reaction
2714,multiverse
2715,compiler
2716,electron carrier
2717,Visual Objects
2718,declination
2719,Processing
2720,electronegativity (χ)
2721,Forth
2722,differential geometry
2723,gene expression
2724,spore
2725,salt bridge
2726,crossed-field amplifier
2727,Ćuk converter
2728,piezoelectricity
2729,aromaticity
2730,cost-benefit analysis (CBA)
2731,wheel and axle
2732,irrational numbers
2733,power
2734,WebAssembly
2735,GNU Guile
2736,acoelomate
2737,reactivity
2738,wireless network
2739,tree
2740,geometric albedo
2741,nebula
2742,LabVIEW
2743,Processing.js
2744,independent variable
2745,monatomic
2746,afocal system
2747,photometer
2748,embryology
2749,repulsion motor
2750,sine wave
2751,capacitance
2752,stable nuclide
2753,cyclotron
2754,feasibility study
2755,inorganic compound
2756,lithology
2757,Moore's law
2758,solar cell
2759,gastrolith
2760,Hertz
2761,sediment trap
2762,star
2763,dimorphism
2764,supercomputer
2765,chalk
2766,Microcode
2767,stable polynomial
2768,electric circuit
2769,DRAKON
2770,enthalpy of fusion
2771,monetary system
2772,ligament
2773,Darwin
2774,charactron
2775,salt
2776,XBONG
2777,PROSE modeling language
2778,productive efficiency
2779,deep-sky object (DSO)
2780,wire
2781,abstraction
2782,electrical cable
2783,Objective-C
2784,crest
2785,normal fault
2786,commutation cell
2787,Mandelbrot set
2788,consumer electronics
2789,copal
2790,traction current
2791,minor planet
2792,computer science
2793,credit card
2794,nodal analysis
2795,availability factor
2796,bound charge
2797,central bank
2798,fundamental forces
2799,Nemerle
2800,board of governors
2801,standing wave
2802,associative property
2803,feed forward
2804,CCFL inverter
2805,quicksort
2806,perfect number
2807,food chain
2808,Oxygene
2809,attenuation coefficient
2810,aerobiology
2811,Higgs boson
2812,X-ray lithography
2813,artificial intelligence (AI)
2814,sample and hold
2815,biomolecule
2816,UCSD Pascal
2817,conchoidal
2818,moment of inertia
2819,reproduction
2820,Prolog
2821,shield
2822,temporal lobes
2823,product differentiation
2824,Google Apps Script
2825,Rapira
2826,Viper
2827,NTSC
2828,image processing
2829,incentive
2830,spherical aberration
2831,phase (matter)
2832,kink
2833,Jess (programming language)
2834,absorption
2835,commodity
2836,myosin
2837,abyssal plain
2838,wiggle trace
2839,work
2840,AC power plugs and sockets
2841,daughter product
2842,endosperm
2843,Canadian Electrical Code
2844,semiconductor device
2845,ferromagnetism
2846,dBase
2847,software design
2848,hydroelectricity
2849,d-block
2850,Law of Independent Assortment
2851,projective geometry
2852,thyristor
2853,surface tension
2854,input/output (I/O)
2855,ionizing radiation
2856,binary number
2857,power MOSFET
2858,distillation
2859,string duality
2860,Virgo Supercluster (Virgo SC)
2861,mortgage
2862,tap changer
2863,reduction potential
2864,zone melting
2865,game theory
2866,hybrid coil
2867,Mutan
2868,post-traumatic stress disorder (PTSD)
2869,reaction rate
2870,Hess' law of constant heat summation
2871,volcanic
2872,IBM HAScript
2873,sexual reproduction
2874,enameled wire
2875,CPU
2876,galaxy cluster
2877,Bernoulli's principle
2878,partial differential equation
2879,angiography
2880,antiparticle
2881,chemical law
2882,satellite galaxy
2883,slaty cleavage
2884,nucleotide
2885,Gay-Lussac's law
2886,nominal impedance
2887,genetic code
2888,central-force problem
2889,internal fertilization
2890,want
2891,elastic modulus
2892,cryobiology
2893,flavour
2894,birth
2895,particle displacement
2896,extended Kalman filter
2897,absolute advantage
2898,Clipper
2899,deflection
2900,X-ray photoelectron spectroscopy
2901,nucleotide sequence
2902,greenstone
2903,animal
2904,partial discharge
2905,Hi-Fi
2906,Transil
2907,s-block
2908,coulomb (C)
2909,transformer oil testing
2910,LYaPAS
2911,photonics
2912,valley of stability
2913,Mercury
2914,transconductance
2915,carbon fixation
2916,governor
2917,population biology
2918,calcrete
2919,QtScript
2920,deficit spending
2921,primary
2922,active transport
2923,coefficient of friction
2924,electroconvulsive therapy (ECT)
2925,full load current
2926,larva
2927,degradation
2928,mineralization
2929,substituent
2930,ohmmeter
2931,disease
2932,autoimmunity
2933,valence shell
2934,deep brain stimulation
2935,optic nerve
2936,voltage regulation
2937,displacement
2938,basilar artery
2939,third rail
2940,ring system
2941,felsic
2942,radio astronomy
2943,charge carrier
2944,EPL (Eltron Programming Language)
2945,just price
2946,XC (targets XMOS architecture)
2947,domestic final supply (DFS)
2948,analogous structures
2949,corrosion
2950,Bessel function
2951,backward wave oscillator
2952,ångström (Å)
2953,electric power transmission
2954,central processing unit (CPU)
2955,average variable cost
2956,power grid
2957,automatic gain control
2958,interferon
2959,tensile modulus
2960,radiation
2961,ecosystem
2962,inductance
2963,quintic equation
2964,dependent variable
2965,amplifier
2966,truncated mean
2967,polar orbit
2968,lattice energy
2969,gravitational lens
2970,infection
2971,OPS5
2972,Limbo
2973,discrete-time signal
2974,electroencephalography (EEG)
2975,Butterworth filter
2976,electrophorus
2977,Oberon
2978,antidepressant medication
2979,Graham's law of diffusion
2980,visible light
2981,Octave
2982,conformation
2983,analytic (Cartesian) geometry
2984,non-metal
2985,demand curve
2986,unipolar motor
2987,galactic nucleus
2988,indurated
2989,ESPOL
2990,container
2991,Kuiper belt
2992,intracellular
2993,schist
2994,shift work
2995,economies of scale
2996,transverse wave
2997,capacitive reactance
2998,cortex
2999,Boltzmann constant
3000,Lou Gehrig’s disease
3001,artificial selection
3002,ASCII
3003,polymerase chain reaction (PCR)
3004,field line
3005,particle accelerator
3006,microelectromechanical systems
3007,Ch
3008,nuclear magnetic resonance spectroscopy
3009,obliquity
3010,good
3011,macrophage
3012,normality
3013,cipher
3014,syntax error
3015,Hack
3016,Jython
3017,second-order reaction
3018,precession
3019,wave equation
3020,stellar remnant
3021,Morgan–Keenan classification system
3022,uracil
3023,enantiomer
3024,hash table
3025,zigzag transformer
3026,SenseTalk
3027,Electric Power Research Institute
3028,chemosynthesis
3029,cordierite
3030,neuroimmunology
3031,invariant
3032,asphalt
3033,CATV
3034,MPD
3035,quadrature
3036,audio and video connector
3037,mitochondria
3038,control flow
3039,computation
3040,appropriate technology
3041,fission
3042,malleability
3043,electrostatics
3044,radar
3045,Dalton's law of partial pressures
3046,artificial neural networks
3047,total solar eclipse
3048,GMAT
3049,ketone
3050,bank
3051,Reed switch
3052,boost converter
3053,atomic structure
3054,coordinate chemistry
3055,volume
3056,Avogadro's law
3057,automated reasoning
3058,pyroxenite
3059,unemployment
3060,third law of thermodynamics
3061,Josephson effect
3062,shaft voltage
3063,blacklist
3064,orbital node
3065,iteration
3066,sandstone
3067,xBase++
3068,Cesil
3069,coding
3070,distance
3071,cold fusion
3072,energy efficient transformer
3073,Qalb
3074,AMOS
3075,covalent bond
3076,Ordovician
3077,pheromone
3078,linear equation
3079,mid-oceanic ridge
3080,regional science
3081,cell biology
3082,virtual image
3083,astronomical body
3084,cation
3085,Cool
3086,microprocessor
3087,fractal
3088,Stockholm School
3089,artificial satellite
3090,Tygerberg formation
3091,top-down and bottom-up design
3092,lineman
3093,Dylan
3094,radar cross section
3095,instrumentation engineering
3096,giant planet
3097,least squares method
3098,electromagnetic induction
3099,transfinite numbers
3100,class-based programming
3101,somatosensory cortex
3102,electrostatic motor
3103,IBM Basic assembly language
3104,correlation
3105,zircon
3106,synaptic transmission
3107,stepwise reaction
3108,chlorite
3109,balun
3110,appulse
3111,executable module
3112,anion
3113,osmosis
3114,elliptic geometry
3116,relational database
3117,elastic collision
3118,brittleness
3119,actual yield
3120,EASYTRIEVE PLUS
3121,scattering parameters
3122,KRL
3123,Faraday's law of induction
3124,radiant energy
3125,osculating orbit
3126,UNITY
3127,node
3128,current density
3129,Lucid
3130,turbidite
3131,nutation
3132,semi-major axis
3133,rust
3134,proper motion
3135,corestone
3136,magnetostriction
3137,cone
3138,risk aversion
3139,lithic fragment
3140,abundance
3141,aggregate supply (AS)
3142,testosterone
3143,Kv
3144,hydrogenation
3145,electrodynamics
3146,breccia
3147,diminishing returns
3148,fermentation
3149,bilinear transform
3150,action potential
3151,transcription
3152,power cable
3153,dominant gene
3154,diminishing marginal utility
3155,center tap
3156,stoichiometry
3157,astrometric binary
3158,interstellar medium (ISM)
3159,zygote
3160,autism spectrum disorder (ASD)
3161,electric field gradient
3162,detachment fault
3163,Lenz's law
3164,nuclear force
3165,mutual fund
3166,metamorphosis
3167,doubly fed electric machine
3168,glia (or glial cells)
3169,class
3170,industrial organization
3171,shadow matter
3172,electrical insulation
3173,turbidity current
3174,axion
3175,GPSS
3176,Cartesian coordinates
3177,blazar
3178,computer ethics
3179,syntaxis
3180,IGBT
3181,simple machine
3182,environmental chemistry
3183,diffusion tensor imaging (DTI)
3184,MicroScript
3185,LAN
3186,Nuvistor
3187,starfield
3188,AWK
3189,glass
3190,FFP
3191,triple point
3192,spin quantum number
3193,LIS
3194,right-hand rule
3195,economic surplus
3196,price ceiling
3197,PHP
3198,unified atomic mass unit (u)
3199,frequency changer
3200,EGL
3201,divergent boundary
3202,Zeta function
3203,user interface (UI)
3204,logicism
3205,buffered solution
3206,beta particle
3207,kinase
3208,on-premises wiring
3209,moment
3210,ABC
3211,shortwave radiation
3212,diapir
3213,silt
3214,WebDNA
3215,Lynx
3216,compact star
3217,nominal wages
3218,corporation
3219,Buck converter
3220,decibel
3221,carrier current
3222,Máni
3223,superhard material
3224,record player
3225,magnetite
3226,standard conditions of temperature and pressure (STP)
3227,Fantom
3228,Cg
3229,eddy current
3230,short circuit
3231,headphone
3232,special relativity
3233,continuous Fourier transform
3234,geosynchronous orbit (GSO)
3235,MAD (Michigan Algorithm Decoder)
3236,National Electrical Manufacturers Association (NEMA)
3237,van der Waals force
3238,image impedance
3239,continuous signal
3240,rheoscope
3241,Mystic Programming Language (MPL)
3242,theory of the firm
3243,average speed
3244,GEORGE
3245,zoology
3246,air mass coefficient
3247,Schmitt trigger
3248,microeconomics
3249,irregular moon
3250,estrogen
3251,selective breeding
3252,phytopathology
3253,neurotransmitter
3254,stratigraphy
3255,socioeconomics
3256,Shingle beach
3257,Mersenne number
3258,amino acid neurotransmitters
3259,progressive tax
3260,Component Pascal
3261,volt per meter
3262,flare star
3263,base anhydride
3264,orthorhombic
3265,denticity
3266,zodiac
3267,abiotic component
3268,lepton
3269,voltmeter
3270,orogeny
3271,MOO
3272,excited state
3273,Stateflow
3274,audio noise reduction
3275,biome
3276,opacity
3277,magnetic quantum number
3278,detector
3279,orthogeosyncline
3280,low-noise block downconverter
3281,leprechaun economics
3282,electromotive force
3283,apoptosis
3284,POP-2
3285,quartic equation
3286,meteoroid
3287,rehabilitation
3288,chemical process
3289,introduced species
3290,JEAN
3291,light-emitting diode
3292,modulation
3293,diatomic molecule
3294,CDuce
3295,astrobiology
3296,nominal prices
3297,group velocity
3298,neural networks
3299,insulin
3300,radioactive decay
3301,sliding mode control
3302,inverter
3303,orbital period
3304,marginal stability
3305,exponential growth
3306,feedback
3307,axon
3308,JavaScript(Scripting language)
3309,Buchholz relay
3310,thermionic emission
3311,flyback transformer
3312,rate of profit
3313,TRIAC
3314,alternator synchronization
3315,computer graphics
3316,Vala
3317,primitive data type
3318,anatomy
3319,vehicle-to-grid
3320,Alice
3321,species
3322,rudite
3323,syzygy
3324,full-wave rectifier
3325,binomial nomenclature
3326,scattered disc
3327,March equinox
3328,psychoactive drug
3329,infinitesimal
3330,longitudinal wave
3331,organic redox reaction
3332,one-line diagram
3333,ceramic resonator
3334,command economy
3335,laser diode
3336,saturation
3337,scattering
3338,padmount transformer
3339,substellar object
3340,Lagrangian mechanics
3341,software agent
3342,high-voltage cable
3343,volcanic bomb
3344,line
3345,tarnish
3346,contract curve
3347,solenoid
3348,metamorphic rock
3349,wet chemistry
3350,solar eclipse
3351,charge transfer switch
3352,pumped-storage hydroelectricity
3353,chromosphere
3354,return loss
3355,tillite
3356,GOTRAN
3357,capacitor-input filter
3358,social behavior
3359,abstract algebra
3360,angle of incidence
3361,integrated circuit
3362,base n
3363,refraction
3364,Bertrand–Edgeworth model
3365,single bond
3366,Nim
3367,critical period
3368,delta-wye transformer
3369,Hamiltonian mechanics
3370,newton (N)
3371,Gaussian curvature
3372,fossil-fuel power station
3373,open-market operations
3374,weak acid
3375,ground-level power supply
3376,programming language theory
3377,ice point
3378,long term potentiation (LTP)
3379,YQL
3380,volt
3381,Ezhil
3382,intermolecular force
3383,ferrite core
3384,KEE
3385,Prograph
3386,marble
3387,entomology
3388,Ampère's circuital law
3389,class of accuracy in electrical measurements
3390,Routh–Hurwitz stability criterion
3391,Hill sphere
3392,magnitude
3393,affinity laws
3394,surd
3395,stellar designation
3396,filter capacitor
3397,ABC ALGOL
3398,pneumatolysis
3399,protein folding
3400,coronal mass ejection (CME)
3401,artificial intelligence (AI):
3402,pyroclastic flow
3403,beam
3404,electronvolt (eV)
3405,star cluster
3406,notch filter
3407,attention deficit hyperactivity disorder (ADHD)
3408,F*
3409,surplus
3410,UnrealScript
3411,Accent
3412,exfoliation
3413,Franz Lisp
3414,cerebellum
3415,stator
3416,astrophotography
3417,obsessive compulsive disorder (OCD)
3418,cathode ray tube
3419,titration
3420,rapid eye movement (REM) sleep
3421,selection sort
3422,Hertzsprung–Russell diagram
3423,PL/SQL
3424,Tourette’s syndrome
3425,retina
3426,core
3427,theory of relativity
3428,alloy
3429,dyslexia
3430,utility pole
3431,erratic
3432,fission track dating
3433,biomass
3434,heterosis
3435,Pleistocene
3436,basal body
3437,reward/reinforcement brain network
3438,inrush current
3439,environmental economics
3440,Neogene
3441,indefinite integral
3442,marginal product of labor
3443,varve
3444,henry
3445,physical chemistry
3446,heat of fusion
3447,American Standard Code for Information Interchange (ASCII)
3448,Helmholtz free energy
3449,orogenesis
3450,secular motion
3451,neurodevelopmental disorder
3452,neurodegenerative diseases
3453,duopoly
3454,DNS
3455,nonode
3456,black hole
3457,isolated-phase bus
3458,nanoinverter
3459,stagflation
3460,Wilson–Bappu effect
3461,standing wave ratio
3462,standard solution
3463,homopolar generator
3464,Simula
3465,FOIL
3466,wind turbine
3467,microbiology
3468,comet
3469,ecological pyramid
3470,organic compound
3471,traumatic brain injury (TBI)
3472,basin
3473,accuracy
3474,dynamic random access memory
3475,JASS
3476,agbioeletric
3477,SuperCollider
3478,facula
3479,Ypresian
3480,protein
3481,Saber's beads
3482,state of matter
3483,pantograph
3484,inelastic demand
3485,arbitrage
3486,analog-to-digital converter
3487,X-ray diffraction
3488,Unicon
3489,Obliq
3490,comma-separated values (CSV)
3491,electric power
3492,linear elasticity
3493,arenitic
3494,discrete Fourier transform
3495,axiom
3496,mechanical equilibrium
3497,super grid
3498,buoyancy
3499,London dispersion forces
3500,Clean
3501,pipette
3502,volumetric flask
3503,Rosseland optical depth
3504,nucleoid
3505,unit of account
3506,electric multiple unit
3507,commutator
3508,anxiety
3509,optogenetics
3510,beat frequency
3511,Peltier–Seebeck effect
3512,457 Retirement Plan
3513,cell body
3514,ornithology
3515,magnetic blowout
3516,lava
3517,pi bond
3518,Simulink
3519,quantum
3520,Multisim
3521,limbic system
3522,moon
3523,fiber optic cable
3524,significant digits
3525,Executable UML
3526,OBJ2
3527,lumen
3528,consumer surplus
3529,azimuth
3530,dipole antenna
3531,induction coil
3532,digital data
3533,Pict
3534,run time
3535,two-sided Laplace transform
3536,paraformer
3537,interest rate
3538,micrometeoroid
3539,occam-π
3540,bell curve
3541,quantum mechanics
3542,f-block
3543,electrosynthesis
3544,prograde motion
3545,maximum prospective short-circuit current
3546,KRC
3547,App Inventor for Android's visual block language
3548,stellar evolution model
3549,Broca’s area
3550,asthenosphere
3551,OB association
3552,subroutine
3553,microelectronics
3554,synodic period
3555,CHILL
3556,constellation
3557,Squeak
3558,digital television
3559,alternator
3560,inductor
3561,JAL
3562,trachyte
3563,SPIN
3564,resting state
3565,chirality
3566,talus
3567,velocity
3568,dip slope
3569,equator
3570,tachometer
3571,earth metal
3572,gas giant
3573,XPL0
3574,coordination complex
3575,anatexis
3576,molecule
3577,fossilization
3578,brain stem
3579,solstice
3580,biotite
3581,vesiculated
3582,cost of living
3583,vesicle
3584,static VAR compensator
3585,Constraint Handling Rules (CHR)
3586,repeating coil
3587,miogeosyncline
3588,fossil-fuel phase-out
3589,particle
3590,functional magnetic resonance imaging (fMRI)
3591,voltage doubler
3592,blood
3593,quantum number
3594,amphibole
3595,barriers to entry
3596,Hop
3597,consumer
3598,A+
3599,quantization
3600,variable capacitor
3601,REFAL
3602,trough
3603,methodology
3604,CRISPR (clustered regularly-interspaced short palindromic repeats)
3605,substantia nigra
3606,galaxy group
3607,traditional economy
3608,positive feedback
3609,infinite impulse response
3610,pricing
3611,planetary differentiation
3612,hypersaline
3613,logic error
3614,magnifying transmitter
3615,metamorphism
3616,convex lens
3617,combined cycle
3618,meiosis
3619,A-type star
3620,compensation winding
3621,error correction and detection
3622,arbitrary waveform generator
3623,diamictite
3624,dispersion
3625,kink band
3626,fish
3627,brushed DC electric motor
3628,synchronous circuit
3629,Solidity
3630,sensor
3631,system console
3632,out of phase
3633,formula
3634,finance
3635,metal
3636,frequency
3637,Bulk modulus
3638,coulomb
3639,ground
3640,relativistic jet
3641,Z notation
3642,black-body radiation
3643,circle diagram
3644,acid
3645,fungi
3646,relay
3647,stereoisomer
3648,light-independent reactions
3649,vertebrate
3650,Arrow's impossibility theorem
3651,wavelength
3652,lesion
3653,magnetic resonance imaging (MRI)
3654,s-domain
3655,triple bond
3656,graywacke
3657,lumped parameters
3658,DNA (deoxyribonucleic acid)
3659,drug
3660,crystal
3661,transmission line
3662,ALGOL W
3663,Kalman filter
3664,semantics
3665,JavaFX Script
3666,carrier wave
3667,Bash
3668,infrasound
3669,coccolith
3670,pain receptors
3671,Maude system
3672,orbital inclination
3673,Thévenin theorem
3674,transfer function
3675,artificial intelligence
3676,epilepsy
3677,orbital speed
3678,absolute zero
3679,supply shock
3680,plumose structure
3681,valence bond theory
3682,pulse-code modulation
3683,ideal gas law
3684,gravitational constant (G)
3685,atomic weight (A)
3686,cleavage
3687,Racket
3688,entrepreneurship
3689,earthquake
3690,nominal interest rates
3691,Hollywood
3692,JCL
3693,Ma
3694,DIBOL
3695,culmination
3696,endoplasmic reticulum
3697,big push model
3698,National Electric Code
3699,intensive property
3700,hypothalamus
3701,quantity demanded
3702,Y-delta transform
3703,tidal stream
3704,quantity theory of money
3705,tenacity
3706,AutoLISP / Visual LISP
3707,catalyst
3708,Language H
3709,regenerative circuit
3710,inventory bounce
3711,dyne
3712,ethology
3713,peripheral
3714,oscilloscope
3715,basement rock
3716,nitrogen
3717,Category 5e cable
3718,audio filter
3719,software deployment
3720,Tyndall effect
3721,relaxation oscillator
3722,load flow study
3723,ECMAScript
3724,ichnology
3725,MUMPS
3726,Navier–Stokes equations
3727,Cybil
3728,multiplier
3729,anorthite
3730,rod:
3731,telephone
3732,Clojure
3733,octet rule
3734,Visual FoxPro
3735,filter
3736,DNA
3737,base load power plant
3738,dissaving
3739,Balmer series
3740,pegmatite
3741,edge detection
3742,net metering
3743,Zener diode
3744,system identification
3745,taxonomy
3746,change of base rule
3747,galactic astronomy
3748,boulder
3749,cerebral palsy
3750,Platonic solids
3751,senses
3752,star catalogue
3753,sex
3754,record
3755,liquid crystal (LC)
3756,Bra–ket notation
3757,matter
3758,linear algebra
3759,intermittent energy source
3760,short-circuit test
3761,amorphous solid
3762,Alef
3763,rift
3764,pendulum
3765,HLSL
3766,concave lens
3767,Nash equilibrium
3768,coordinate covalent bond
3769,discrete event simulation (DES)
3770,molar fraction
3771,download
3772,metaphase
3773,budget surplus
3774,algebra
3775,Aldor
3776,paleocurrent
3777,thymine
3778,assembled gem
3779,AutoIt
3780,field effect transistor
3781,postcondition
3782,business sector
3783,convexity
3784,expected utility hypothesis
3785,structural load
3786,debtor
3787,Bretton Woods system
3788,paleontology
3789,merge sort
3790,oxygen-free copper
3791,neurotrophic factor
3792,crystallography
3793,tumor
3794,diatomic
3795,ascending node
3796,Karel
3797,Janus (time-reversible computing programming language)
3798,gigabyte
3799,nuclear chemistry
3800,center of gravity
3801,lithification
3802,electromote
3803,electric motor
3804,AIMMS
3805,computational science
3806,symbolic computation
3807,Apex
3808,cell
3809,filename extension
3810,avalanche diode
3811,heterotroph
3812,X-ray
3813,HVDC
3814,phenoclast
3815,"golden ratio (golden mean, divine proportion)"
3816,freezing
3817,Subtext
3818,implicit cost
3819,damped vibration
3820,CLIPS
3821,common proper motion
3822,molar mass
3823,Trac
3824,type theory
3825,audio signal processing
3826,controller
3827,acceleration
3828,LISA
3829,renewable energy payments
3830,RNA
3831,binomial coefficients
3832,dimer
3833,acid dissociation constant (Ka)
3834,electromechanical
3835,Dewar flask
3836,energy demand management
3837,DC injection braking
3838,convergent evolution
3839,mains hum
3840,orbit
3841,interstellar reddening
3842,chlorophyll
3843,Python
3844,adiabatic heating
3845,amber
3846,ALF
3847,systems biology
3848,anaerobic
3849,KIF
3850,concatenation
3851,albedo
3852,sericite
3853,boudin
3854,C# (C sharp) – ISO/IEC 23270
3855,market
3856,cyberbullying
3857,CLU
3858,electronic component
3859,digital signal processing (DSP)
3860,breakdown voltage
3861,solar wind
3862,Pareto efficiency
3863,xHarbour
3864,pulsar
3865,adenine
3866,economy
3867,Planck units
3868,library (computing)
3869,magnetic constant
3870,three-phase electric power
3871,astrodynamics
3872,scarcity
3873,algebraic equation
3874,dot convention
3875,markets
3876,emissivity
3877,nuclear transmutation
3878,adaptation
3879,electronic engineering
3880,marginal utility
3881,reference
3882,projected separation
3883,mechatronics
3884,sedimentary rock
3885,SNOBOL (SPITBOL)
3886,argument of periapsis
3887,fluorescence
3888,programming language implementation
3889,FORMAC
3890,thermoelectric effect
3891,precision
3892,progeny
3893,electrochemical cell
3894,prime rate
3895,TOM
3896,photon
3897,radio frequency
3898,remote sensing
3899,natural language processing (NLP)
3900,computer hardware
3901,ecophysiology
3902,deliquescence
3903,battery eliminator
3904,electronegativity
3905,pathology
3906,leakage inductance
3907,electron
3908,syncline
3909,leucocratic
3910,HAGGIS
3911,Waveform Audio File Format
3912,Darcy–Weisbach equation
3913,dike
3914,phylum
3915,Carnot cycle
3916,computer scientist
3917,gravitational potential
3918,Heaviside step function
3919,beta decay
3920,inductive reasoning or logic
3921,capital flight
3922,preference
3923,formal verification
3924,Agda
3925,messenger RNA
3926,physical constant
3927,telomere
3928,resonance
3929,cost curve
3930,harmonic
3931,skeletal formula
3932,equilibrant force
3933,stellar classification
3934,Modula
3935,Agora
3936,TAL
3937,Newton's laws of motion
3938,degaussing
3939,cerebrum
3940,Unix shell
3941,fraction
3942,priority queue
3943,J++
3944,electromagnetic wave equation
3945,code library
3946,atomic number (Z)
3947,triangle wave
3948,wealth effect
3949,stellar magnetic field
3950,axis of rotation
3951,immunity
3952,psammite
3953,public economics
3954,linear actuator
3955,VHDL
3956,casting
3957,kingdom
3958,electric generator
3959,frame of reference
3960,moving group
3961,physiology
3962,trace fossil
3963,active rectification
3964,Edinburgh IMP
3965,First Point of Libra
3966,cathode ray
3967,nucleus accumbens
3968,absolute magnitude
3969,cell nucleus
3970,overvoltage
3971,karst
3972,Moon
3973,sole proprietorship
3974,power distribution
3975,rational expectations
3976,partnership
3977,other metal
3978,Chicken
3979,pyroclastic
3980,lattice
3981,extinction
3982,market structure
3983,cost overrun
3984,Sawzall
3985,adaptive radiation
3986,moment of inertia factor
3987,superconducting electric machine
3988,Lewis base
3989,perihelion
3990,Visual LISP
3991,theoretical physics
3992,screw
3993,reticulite
3994,character
3995,TECO
3996,traction battery
3997,modulus
3998,invertebrate
3999,wave function collapse
4000,Maxima (see also Macsyma)
4001,electronic design automation
4002,transcranial electrical stimulation (tDCS and tACS)
4003,ALGOL 68
4004,Liouville's theorem
4005,symmetry
4006,thyristor drive
4007,solar time
4008,denitrification
4009,background radiation
4010,Coulomb's law
4011,renewable energy policy
4012,binomial random variable
4013,oscillation
4014,Newton's law of universal gravitation
4015,breadcrust bomb
4016,opposition
4017,dielectric
4018,monetary policy
4019,photosphere
4020,Z++
4021,electric power conversion
4022,parity
4023,superconductivity
4024,dipolar bond
4025,Gauss's law
4026,Boolean algebra (logic)
4027,rotary encoder
4028,Fortress
4029,Pythagoras’ (Pythagorean) theorem
4030,Pig (programming tool)
4031,capacity utilization
4032,frontotemporal degeneration (FTD)
4033,power conditioner
4034,serialization
4035,permanent magnet synchronous generator
4036,Cypher Query Language
4037,generation
4038,organism
4039,automation
4040,slope
4041,mathematical physics
4042,marginal cost
4043,agent architecture
4044,apoapsis
4045,kaolinite
4046,Cobra
4047,internal documentation
4048,circulation
4049,azimuthal quantum number
4050,combustion
4051,Buck–boost transformer
4052,H-bridge
4053,CobolScript – COBOL Scripting language
4054,mesolimbic circuit:
4055,o:XML
4056,optical tweezers
4057,plasticity
4058,soma:
4059,population ecology
4060,Pascal’s Triangle
4061,hydrothermal
4062,CMS-2
4063,libration
4064,Sun
4065,presynaptic cell
4066,country rock
4067,biological organization
4068,consciousness
4069,interpreter
4070,twisted pair
4071,fluid statics
4072,specific activity
4073,Hermes
4074,antibiotic
4075,critical angle
4076,oversampling
4077,combinatorics
4078,binomial
4079,state space representation
4080,constructive interference
4081,cat's-whisker detector
4082,Van de Graaff generator
4083,Hund's rules
4084,data networks
4085,humidistat
4086,producer
4087,APT
4088,detached object
4089,dolerite
4090,Eppendorf tube
4091,parameter estimation
4092,computational chemistry
4093,supernova
4094,vibrator
4095,heapsort
4096,molar concentration
4097,future value
4098,Riemannian geometry
4099,crystal habit
4100,Kirchhoff's equations
4101,plate tectonics
4102,socialist economics
4103,measure of central tendency
4104,loan
4105,energy subsidies
4106,standard gravity (ɡ0 or ɡn)
4107,feldspar
4108,single-sideband modulation
4109,linear regression
4110,granite
4111,RAPID
4112,plasma physics
4113,gemstone
4114,solid state
4115,identifier
4116,cortisol
4117,Raku
4118,NXT-G
4119,galactic period
4120,Serpent
4121,evolutionary biology
4122,shaded-pole motor
4123,pyrolysis
4124,solid state physics
4125,asteroid belt
4126,peripheral nervous system
4127,fast Fourier transform
4128,stream
4129,polyatomic ion
4130,clearing the neighbourhood
4131,mechanical filter
4132,Mary
4133,factorial
4134,class-orientation
4135,radio
4136,receptors
4137,continental shelf
4138,Erlenmeyer flask
4139,magnetic field
4140,International System of Units
4141,exogenous
4142,storage tube
4143,P4
4144,late-type star
4145,Opal
4146,mast cell
4147,associative array
4148,application programming interface (API)
4149,mass fraction
4150,slump
4151,Singularity
4152,DIAC
4153,profit motive
4154,XBL
4155,brown dwarf
4156,robotics
4157,probability theory
4158,equilibrium price
4159,Quaternary
4160,pion
4161,steady-state
4162,Cyclone
4163,hydration reaction
4164,heat
4165,micrometeorite
4166,vehicular automation
4167,voltage converter
4168,Ease
4169,Down syndrome
4170,mullion
4171,biosynthesis
4172,unitary elastic
4173,fusion
4174,full employment
4175,aggregate
4176,addiction
4177,TXL
4178,fundamental frequency
4179,Esterel
4180,Tully–Fisher relation
4181,garnet
4182,AC/AC converter
4183,macromolecule
4184,gray matter
4185,shale
4186,high-voltage switchgear
4187,current transformer
4188,LSE
4189,rivalry
4190,moonlet
4191,Ohm's law
4192,intelligent agent
4193,arrow pushing
4194,TTM
4195,third-generation programming language
4196,ecliptic coordinate system
4197,graviton
4198,Henderson–Hasselbalch equation
4199,monoclinic
4200,viscosity
4201,vagus nerve
4202,Gödel
4203,alcohol
4204,Ruby
4205,condensation
4206,double bond
4207,downsampling
4208,September equinox
4209,power-factor correction
4210,social mobility
4211,telluric star
4212,revenue
4213,trade
4214,negative resistance
4215,object-oriented analysis and design (OOAD)
4216,absolute pressure
4217,magnetostatics
4218,nucleolus
4219,andalusite
4220,Local Group
4221,calculus (infinitesimal calculus)
4222,zeolite
4223,Dolby
4224,mass spectrometry
4225,free trade
4226,beam tetrode
4227,Pico
4228,orbital hybridisation
4229,carbanion
4230,digital image processing
4231,tidal power
4232,science
4233,Scheme
4234,Commission on Isotopic Abundances and Atomic Weights (CIAAW)
4235,economic indicator
4236,band-pass filter
4237,neuroscience
4238,mycology
4239,Versorium
4240,potentiometer
4241,Babinet's principle
4242,binary star
4243,continuum mechanics
4244,agent
4245,Kelvin
4246,systematics
4247,Xojo
4248,apogee
4249,rheostat
4250,sampling
4251,neurogenesis
4252,bequest motive
4253,econophysics
4254,alkene
4255,Adenine
4256,booting
4257,cartel
4258,dual control theory
4259,lustre
4260,instruction cycle
4261,telecommunication
4262,antineutron
4263,geochemistry
4264,retort
4265,Institution of Engineering and Technology
4266,centripetal force
4267,supply
4268,aphelion
4269,vitrophyre
4270,virtual particle
4271,pseudomatrix
4272,Lingo
4273,Nix (Systems configuration language)
4274,biasing
4275,origin of longitude
4276,BASIC
4277,disposable income
4278,Pauli exclusion principle
4279,Bode plot
4280,TACL
4281,non-Euclidean geometry
4282,MAPPER (now part of BIS)
4283,residual current circuit breaker
4284,depression
4285,LiveCode
4286,ENIAC
4287,skin effect
4288,gamma-ray astronomy
4289,electronic filter
4290,Newtonian mechanics
4291,Icon
4292,balanced line
4293,diode bridge
4294,PLEXIL
4295,Faraday constant
4296,probability
4297,cooling curve
4298,marginalism
4299,electret
4300,tuff
4301,Ladder
4302,cogeneration
4303,synapse
4304,rc
4305,water
4306,Boyle's law
4307,loose money policy
4308,spectrometry
4309,Powerhouse
4310,biogeography
4311,molality
4312,permeability
4313,kyanite
4314,evolutionary track
4315,Austrian School
4316,ABAP
4317,circumstellar disc
4318,mercury-arc rectifier
4319,home appliance
4320,Messier object
4321,island arc
4322,long run
4323,dc
4324,Fermat's principle
4325,GRE
4326,differentiation
4327,system on a chip
4328,Standard Model
4329,computer
4330,recovery of function
4331,field star
4332,astronomical object
4333,negative numbers
4334,extraction
4335,essential nutrient
4336,phenotype
4337,domain
4338,watch glass
4339,magnetic circuit
4340,glymphatic system
4341,peak demand
4342,spectroscopy
4343,artifact
4344,muscovite
4345,production possibilities curve
4346,BIBO stability
4347,chemical substance
4348,hydrate
4349,first law of thermodynamics
4350,remote racking system
4351,PortablE
4352,sperm
4353,data mining
4354,thermometer
4355,Uniform Resource Locator (URL)
4356,power-flow study
4357,synchronous motor
4358,direct current (DC)
4359,money supply
4360,computational complexity theory
4361,object
4362,electrolytic cell
4363,Biot–Savart law
4364,baryon
4365,natural abundance
4366,planetary science
4367,dendrite
4368,SiMPLE
4369,amphibolite
4370,load-loss factor
4371,NetRexx
4372,Curry
4373,osmotic pressure
4374,KRL (KUKA Robot Language)
4375,frequency response
4376,Klerer-May System
4377,vitrinite
4378,sclerenchyma
4379,advanced Z-transform
4380,Chebyshev filter
4381,load profile
4382,cytoskeleton
4383,ZOPL
4384,chain reaction
4385,electrical machine
4386,local positioning system
4387,Fleming valve
4388,Tynker
4389,Jedlik's dynamo
4390,non-commutative algebra
4391,pulse
4392,smart grid
4393,place value
4394,electrical engineering
4395,theorem
4396,cilia
4397,cathode ray oscilloscope
4398,impedance
4399,predation
4400,integral
4401,quality factor
4402,welfare economics
4403,Tcl
4404,round-off error
4405,absolute motion
4406,chromatography
4407,sono-stimulation
4408,calculus
4409,NWScript
4410,refractive index
4411,palagonite
4412,linear search
4413,copper loss
4414,COWSEL
4415,Céu
4416,F#
4417,Venn diagram
4418,supply-side economics
4419,balance of trade
4420,average atomic mass
4421,tax
4422,elastic instability
4423,buckling
4424,Groovy
4425,amicable numbers
4426,structured storage
4427,conductor
4428,rock
4429,compaction
4430,mass spectrometry (MS)
4431,RPL
4432,Haskell
4433,MAD/I
4434,number line
4435,marine terrace
4436,electronics
4437,Cython
4438,economic model
4439,Object REXX
4440,spark-gap transmitter
4441,Red
4442,Celsius scale
4443,lossless data compression
4444,virtual instrumentation
4445,prey
4446,bending
4447,engineering physics
4448,orthoclase
4449,antimatter
4450,electrophile
4451,credit bureau
4452,SETL
4453,exponentiation
4454,bipolar junction transistor
4455,cobble
4456,absolute electrode potential
4457,superposition principle
4458,computing
4459,aphanic
4460,prokaryote
4461,Rittle
4462,galactic coordinate system
4463,Bohr model
4464,LC circuit
4465,pulse-amplitude modulation (PAM)
4466,hyperbola
4467,marl
4468,resettable fuse
4469,aggregate function
4470,cognition
4471,trigger transformer
4472,redox
4473,loudspeaker
4474,chromatic aberration
4475,thermodynamics
4476,polyatomic
4477,gross domestic product (GDP)
4478,electrical contact
4479,Agilent VEE
4480,Cecil
4481,channel capacity
4482,dunite
4483,YAML
4484,creditor
4485,Yoix
4486,precipitate
4487,Federal Open Market Committee (FOMC)
4488,total cost
4489,orbital elements
4490,PILOT
4491,NewtonScript
4492,prime numbers
4493,Boolean algebra
4494,nurture
4495,normal (Gaussian) distribution
4496,non-convexity
4497,Raoult's law
4498,planetoid
4499,Plus
4500,PL-11
4501,Q# (Microsoft programming language)
4502,Compactron
4503,unpaired electron
4504,Doppler effect
4505,hertz
4506,web crawler
4507,enantiomorph
4508,aryl
4509,observable universe
4510,induction generator
4511,vagus nerve stimulation
4512,oxidation
4513,absolute humidity
4514,modulation transformer
4515,transistor
4516,growth recession
4517,phloem
4518,biomedical research
4519,fitness landscape
4520,nerve growth factor
4521,statics
4522,Millman's theorem
4523,two-port network
4524,Xtend
4525,budget deficit
4526,adrenaline
4527,open cluster
4528,lanthanides
4529,natural satellite
4530,BCPL
4531,hinge line
4532,OPL
4533,Miranda
4534,protective group
4535,executive function
4536,guanine
4537,cell potential
4538,bioengineering
4539,BETA
4540,polynomial
4541,neurobiology
4542,ultrasonic motor
4543,threshold frequency
4544,electron capture
4545,calcite
4546,mantle
4547,single-phase electric power
4548,nuclear star cluster (NSC)
4549,Rlab
4550,price floor
4551,labor economics
4552,prion
4553,New General Catalogue (NGC)
4554,isomerization
4555,ML
4556,heterostructure
4557,soil biology
4558,QPL
4559,TeX
4560,geology
4561,DVD
4562,technical documentation
4563,Huygens–Fresnel principle
4564,parallel evolution
4565,autotroph
4566,urine
4567,plug-in hybrid
4568,critical velocity
4569,mass
4570,ground reaction force
4571,AC power
4572,aureole
4573,Brønsted–Lowry acid–base reaction
4574,voltage controller
4575,rhyolite
4576,ions
4577,UBV photometric system
4578,resistor
4579,ribonucleic acid (RNA)
4580,Mohol
4581,social choice theory
4582,double helix
4583,MIMIC
4584,barycenter
4585,nanotechnology
4586,identity
4587,symbiosis
4588,amygdaloidal
4589,overhead line
4590,machine element
4591,electron shell
4592,Oak
4593,OpenVera
4594,GraphTalk
4595,eugeosyncline
4596,computed tomography (CT or CAT)
4597,Self
4598,active site
4599,PureScript
4600,solute
4601,bioinformatics
4602,ground and neutral
4603,metallicity
4604,Join Java
4605,electromagnetic field
4606,PLEX
4607,expeditionary economics
4608,coefficients
4609,producer surplus
4610,microcentrifuge tube
4611,production
4612,isoelectronicity
4613,Lisp – ISO/IEC 13816
4614,adiabatic cooling
4615,thermochemistry
4616,SOPHAEROS
4617,CMS EXEC (EXEC)
4618,wealth
4619,PL/M
4620,fissure
4621,Joy
4622,Zeeman effect
4623,risk-return relationship
4624,Helmholtz coil
4625,period
4626,coprolite
4627,Magik
4628,chemical reaction
4629,valence electron
4630,Hilbert transform
4631,agglomerate
4632,ACC
4633,dynamic braking
4634,diopside
4635,standard atomic weight
4636,joule (J)
4637,serializability
4638,voltage spike
4639,work-up
4640,inferior planet
4641,Kelvin–Stokes theorem
4642,Charm
4643,ampacity
4644,comparative advantage
4645,hornblende
4646,power rating
4647,energy economics
4648,Lithe
4649,voltage division
4650,microstrip
4651,algorithm
4652,infinity
4653,gas
4654,psi particle
4655,Lewis structure
4656,elliptical orbit
4657,fault zone
4658,lithotype
4659,microevolution
4660,HVDC converter station
4661,neuroethics
4662,atomic mass unit
4663,synthetic biology
4664,Galactic Center
4665,Maya (MEL)
4666,Strand
4667,function
4668,transient response
4669,boiling
4670,field galaxy
4671,analog signal processing
4672,B cell
4673,quasiparticle
4674,price level
4675,starburst galaxy
4676,barter
4677,hash function
4678,machine learning (ML)
4679,triode
4680,coordinate plane
4681,magnetosphere
4682,C/AL
4683,escarpment
4684,Draco
4685,demographic economics
4686,SQL
4687,electro-optic effect
4688,pulse transformer
4689,dopamine
4690,COMPASS
4691,transatlantic communications cable
4692,CSV
4693,SA-C
4694,horst
4695,solvent
4696,Jurassic
4697,information
4698,Mesozoic
4699,stereophonic sound
4700,arc length
4701,finite impulse response
4702,CFEngine
4703,colony
4704,inertia
4705,split phase distribution
4706,power-line communication
4707,SequenceL
4708,cost-of-production theory of value
4709,PROMAL
4710,circadian rhythm
4711,AMPL
4712,Wyvern
4713,nucleus
4714,Büchner flask
4715,foliation
4716,magnetism
4717,push switch
4718,scalar
4719,capacitor voltage transformer
4720,trans-Neptunian object (TNO)
4721,intellectual property (IP)
4722,root locus
4723,Schottky diode
4724,polyphase system
4725,closed-loop controller
4726,channel
4727,condensation point
4728,bacteriophage
4729,BLISS
4730,mass balance
4731,zwitterion
4732,fels
4733,port
4734,DAX (Data Analysis Expressions)
4735,International Electrotechnical Commission (IEC)
4736,periapsis
4737,mass number
4738,centrifuge
4739,investment fund
4740,computational steering
4741,acyclic
4742,MHEG-5 (Interactive TV programming language)
4743,phonograph
4744,linked list
4745,sanidine
4746,antiproton
4747,aluminium smelting
4748,group
4749,MASM Microsoft Assembly x86
4750,inorganic chemistry
4751,adhesion
4752,Calvin cycle
4753,Toi
4754,elastic demand
4755,numerical analysis
4756,price controls
4757,fanning
4758,Pliocene
4759,M#
4760,law of conservation of mass
4761,family
4762,vestigiality
4763,polarization density
4764,surge arrester
4765,high-pass filter
4766,allocative efficiency
4767,saline solution
4768,AngelScript
4769,electromagnetism
4770,Scratch
4771,neutron cross-section
4772,R programming language
4773,autochthon
4774,orbital
4775,meteorite
4776,biophysics
4777,axial tilt
4778,differential equation
4779,light-year (ly)
4780,ephemeris
4781,regeneration
4782,composite particle
4783,gravitational energy
4784,POV-Ray SDL
4785,geostationary orbit
4786,M phase
4787,power plant
4788,microstrip antenna
4789,national wealth
4790,fault-tolerant computer system
4791,membrane potential
4792,pelite
4793,intrinsic property
4794,carbonate
4795,HVAC
4796,organizational economics
4797,gravitational field
4798,EusLisp Robot Programming Language
4799,congruence
4800,tundra
4801,opportunity cost
4802,autorecloser
4803,Go
4804,dynamic stochastic general equilibrium (DSGE)
4805,Actor
4806,adaptive control
4807,simple harmonic motion
4808,synchronous orbit
4809,Planner
4810,ZetaLisp
4811,alternating current
4812,Young's modulus
4813,international economics
4814,SPICE
4815,joint
4816,Nu
4817,Austin transformer
4818,cybernetics
4819,Klystron
4820,arenaceous
4821,amyotrophic lateral sclerosis (ALS)
4822,Abbe number
4823,Lua
4824,oxbow lake
4825,es
4826,descriptive geometry
4827,electrification
4828,Hamilton C shell
4829,ectotherm
4830,sky
4831,planet
4832,Amiga E
4833,motivation
4834,harmonic oscillator
4835,A.NET
4836,storm ridge
4837,federal funds rate target
4838,Maple
4839,Dart
4840,central sulcus
4841,power supply
4842,nucleon
4843,fuzzy control
4844,requirements analysis
4845,COMAL
4846,JADE
4847,sphene
4848,TACPOL
4849,lossy data compression
4850,square wave
4851,lichen
4852,backward induction
4853,cell membrane
4854,excludability
4855,deionization
4856,drill core
4857,photoresistor
4858,financial risk
4859,gene pool
4860,pair programming
4861,Category 6 cable
4862,macroevolution
4863,traveling-wave tube
4864,current-to-voltage converter
4865,software engineering
4866,Pizza
4867,thin disk population
4868,planetary system
4869,PLANC
4870,circuit theory
4871,deoxyribonucleic acid (DNA)
4872,supercluster
4873,real income effect
4874,G protein
4875,phasor
4876,line of force
4877,mathematics
4878,electronic amplifier
4879,total harmonic distortion (THD)
4880,erosion
4881,order of reaction
4882,load following power plant
4883,neurophysics
4884,segmentation
4885,S-Lang
4886,metatexis
4887,rights
4888,mineral
4889,endocrine system
4890,heliocentric
4891,Winbatch
4892,GOM (Good Old Mad)
4893,exothermic process
4894,functional group
4895,diffusion spectrum imaging (DSI)
4896,government spending
4897,tensile strength
4898,brain waves
4899,element
4900,allomer
4901,purchasing power parity (PPP)
4902,burette
4903,brushless DC electric motor
4904,extrusive
4905,optics
4906,liability
4907,W65271
4908,REXX
4909,astronomy
4910,stress–strain curve
4911,mathematical logic
4912,fax
4913,magnetic core memory
4914,Legoscript
4915,nervous system
4916,batholith
4917,AIEE
4918,Ampère's law
4919,two-photon microscopy
4920,distribution board
4921,energy returned on energy invested
